﻿<?xml version="1.0" encoding="utf-8"?>
<deployment>
  <id>07a08fd7-58c7-46a5-adf2-96f9045fa152</id>
  <author>N/A</author>
  <deployer>GITHUB_ZIP_DEPLOY</deployer>
  <authorEmail>N/A</authorEmail>
  <message>{"type":"deployment","sha":"b5a394a723253acbedb51bb383e3f2de4d340372","repoName":"deepalweb/travelbuddy","actor":"deepalweb","slotName":"production","commitMessage":"Fix: Disable AI intro enhancement to prevent ERR_INSUFFICIENT_RESOURCES"}</message>
  <progress></progress>
  <status>Success</status>
  <statusText></statusText>
  <lastSuccessEndTime>2025-11-30T15:26:26.5904999Z</lastSuccessEndTime>
  <receivedTime>2025-11-30T15:26:10.9309826Z</receivedTime>
  <startTime>2025-11-30T15:26:12.4789872Z</startTime>
  <endTime>2025-11-30T15:26:26.5904999Z</endTime>
  <complete>True</complete>
  <is_temp>False</is_temp>
  <is_readonly>True</is_readonly>
  <buildSummary />
</deployment>