﻿<?xml version="1.0" encoding="utf-8"?>
<deployment>
  <id>e7760be8-6eda-4d17-83d6-b6ae4f67c491</id>
  <author>N/A</author>
  <deployer>GITHUB_ZIP_DEPLOY</deployer>
  <authorEmail>N/A</authorEmail>
  <message>{"type":"deployment","sha":"5001c74768d31af729876cd9e2383a32df823d7e","repoName":"deepalweb/travelbuddy","actor":"deepalweb","slotName":"production","commitMessage":"Improve homepage UX: new headline, dedicated mobile app section"}</message>
  <progress></progress>
  <status>Success</status>
  <statusText></statusText>
  <lastSuccessEndTime>2025-11-29T06:02:34.2121674Z</lastSuccessEndTime>
  <receivedTime>2025-11-29T06:02:17.8073155Z</receivedTime>
  <startTime>2025-11-29T06:02:19.5932879Z</startTime>
  <endTime>2025-11-29T06:02:34.2121674Z</endTime>
  <complete>True</complete>
  <is_temp>False</is_temp>
  <is_readonly>True</is_readonly>
  <buildSummary />
</deployment>