<step title="BackgroundTrace" date="2025-08-12T11:42:13.584" instance="6fd4f9" url="/api/publish" method="POST" >
  <step title="Creating temporary deployment - FetchDeploymentManager" date="2025-08-12T11:42:13.642" /><!-- duration: 2ms -->
  <step title="Creating temporary deployment" date="2025-08-12T11:42:13.645" /><!-- duration: 47ms -->
  <step title="Performing fetch based deployment" date="2025-08-12T11:42:13.708" >
    <step title="Cleaning up temp folders from previous zip deployments and extracting pushed zip file /tmp/zipdeploy/0f3f1541-b2b0-42bb-acc7-5bc44fc1e738.zip (34.41 MB) to /tmp/zipdeploy/extracted" date="2025-08-12T11:42:14.863" >
      <step title="ChmodRecursive Process exited with total time taken in ms: 87" date="2025-08-12T11:42:16.615" /><!-- duration: 3ms -->
    </step><!-- duration: 1757ms -->
    <step title="Deployment timer started" date="2025-08-12T11:42:18.629" >
      <step title="DeploymentManager.Deploy(id:6acef4d4-bade-46d7-8f29-7118a237ebf7)" date="2025-08-12T11:42:18.635" >
        <step title="Collecting changeset information" date="2025-08-12T11:42:18.644" /><!-- duration: 63ms -->
        <step title="Updating submodules" date="2025-08-12T11:42:18.711" /><!-- duration: 1092ms -->
        <step title="Determining deployment builder" date="2025-08-12T11:42:19.949" >
          <step title="Builder is OryxBuilder" date="2025-08-12T11:42:19.954" /><!-- duration: 2ms -->
        </step><!-- duration: 10ms -->
        <step title="PreDeployment: context.CleanOutputPath False" date="2025-08-12T11:42:19.995" >
          <step title="PreDeployment: context.OutputPath /home/site/wwwroot" date="2025-08-12T11:42:20.063" >
            <step title="Building" date="2025-08-12T11:42:20.154" >
              <step title="Executing external process" date="2025-08-12T11:42:20.325" type="process" path="bash" arguments="-c &quot;oryx build /tmp/zipdeploy/extracted -o /home/site/wwwroot --platform nodejs --platform-version 20 -p virtualenv_name= --log-file /tmp/build-debug.log  -i /tmp/8ddd9954baf536c -p compress_node_modules=tar-gz | tee /tmp/oryx-build.log ; exit $PIPESTATUS &quot;" >
                <step title="Cpu: rsync(2600,2.380s)+rsync(2599,0.600s)+rsync(2598,0.430s)+build.sh(2391,0.010s)+oryx(2372,2.660s)+tee(2373,0.000s)+bash(2371,0.000s)=total(6.080s)" date="2025-08-12T11:44:07.377" /><!-- duration: 8ms -->
                <step title="bash: no io activity for 60s, prev-cpu=-1.000s, current-cpu=6.080s" date="2025-08-12T11:44:07.389" /><!-- duration: 3ms -->
              </step><!-- duration: 127293ms -->
              <step title="Using GenericDeploymentLogParser" date="2025-08-12T11:44:27.834" /><!-- duration: 6ms -->
              <step title="Modified file to trigger a restart of the app container." date="2025-08-12T11:44:28.586" /><!-- duration: 2ms -->
              <step title="Skip function trigger and logicapp sync because function is not enabled." date="2025-08-12T11:44:28.589" /><!-- duration: 2ms -->
            </step><!-- duration: 129316ms -->
          </step><!-- duration: 129412ms -->
          <step title="Cleaning up temp files" date="2025-08-12T11:44:29.477" /><!-- duration: 924ms -->
          <step title="Cleaning up temp files" date="2025-08-12T11:44:30.405" /><!-- duration: 503ms -->
          <step title="Reloading status file with latest updates" date="2025-08-12T11:44:30.940" >
            <step title="WebHooksManager.PublishEventAsync: PostDeployment" date="2025-08-12T11:44:30.942" /><!-- duration: 18ms -->
          </step><!-- duration: 21ms -->
          <step title="Cleaning up temporary deployment - fetch deployment was successful" date="2025-08-12T11:44:30.965" /><!-- duration: 2ms -->
        </step><!-- duration: 131000ms -->
      </step><!-- duration: 132369ms -->
