<step title="Incoming Request" date="2025-08-13T08:15:12.552" instance="6fd4f9" url="/api/deployments/latest?deployer=OneDeploy&amp;time=2025-08-13_08-13-42Z" method="GET" type="request" pid="821,1,18" Host="travelbuddy-b2c6hgbbgeh4esdh.scm.eastus2-01.azurewebsites.net" User-Agent="GITHUBACTIONS_DeployWebAppToAzure_b1f87d90bb83c0ff7e0432d6ceec70194ee9cebfedda360691d391da7dc88767" Authorization="Bas..." Content-Type="application/json; charset=utf-8" Cookie="ARRAffinity=6fd4f9abf47ac49596ce3a6d8a1fde8f9b930131954ada4e64c68328b6ffcfc8;Path=/;HttpOnly;Secure;Domain=travelbuddy-b2c6hgbbgeh4esdh.scm.eastus2-01.azurewebsites.net; ARRAffinitySameSite=6fd4f9abf47ac49596ce3a6d8a1fde8f9b930131954ada4e64c68328b6ffcfc8;Path=/;HttpOnly;SameSite=None;Secure;Domain=travelbuddy-b2c6hgbbgeh4esdh.scm.eastus2-01.azurewebsites.net" Content-Length="0" X-ARR-LOG-ID="7adec09c-3b93-4d3e-9fa1-cf16945f7123" CLIENT-IP="172.178.119.22:46081" X-SITE-DEPLOYMENT-ID="travelbuddy" WAS-DEFAULT-HOSTNAME="travelbuddy-b2c6hgbbgeh4esdh.scm.eastus2-01.azurewebsites.net" X-Forwarded-Proto="https" X-AppService-Proto="https" X-Forwarded-TlsVersion="1.3" X-WAWS-Unencoded-URL="/api/deployments/latest?deployer=OneDeploy&amp;time=2025-08-13_08-13-42Z" X-Client-IP="172.178.119.22" X-Client-Port="46081" >
  <step title="Cleanup Xml Logs" date="2025-08-13T08:15:12.556" >
    <step title="Cleanup Infos" date="2025-08-13T08:15:12.568" totalFiles="335" totalCleanup="175" /><!-- duration: 4ms -->
  </step><!-- duration: 19ms -->
  <step title="DeploymentService.GetResult" date="2025-08-13T08:15:12.588" >
    <step title="DeploymentService.GetLatestDeployment" date="2025-08-13T08:15:12.591" >
      <step title="DeploymentManager.GetResults" date="2025-08-13T08:15:12.594" /><!-- duration: 472ms -->
    </step><!-- duration: 481ms -->
  </step><!-- duration: 486ms -->
  <step title="Outgoing response" date="2025-08-13T08:15:13.076" type="response" statusCode="202" statusText="Accepted" /><!-- duration: 4ms -->
</step><!-- duration: 530ms -->
