<step title="Incoming Request" date="2025-08-13T08:13:42.170" instance="6fd4f9" url="/api/publish?async=true&amp;deployer=GITHUB_ONE_DEPLOY&amp;type=zip&amp;message=%7B%22type%22%3A%22deployment%22%2C%22sha%22%3A%22d47f2b6af64cd8494a1b56eda138defbb92b4589%22%2C%22repoName%22%3A%22deepalweb%2Ftravelbuddy%22%2C%22actor%22%3A%22deepalweb%22%2C%22slotName%22%3A%22production%22%2C%22commitMessage%22%3A%22feat(admin)%3A%20unify%20API%20cost%20%26%20usage%20dashboard%20with%20charts%20and%20shared%20filters%3B%20add%20%2Fapi%2Fusage%2Ftimeseries%22%7D" method="POST" type="request" pid="821,1,5" Host="travelbuddy-b2c6hgbbgeh4esdh.scm.eastus2-01.azurewebsites.net" User-Agent="GITHUBACTIONS_DeployWebAppToAzure_b1f87d90bb83c0ff7e0432d6ceec70194ee9cebfedda360691d391da7dc88767" Authorization="Bas..." Content-Type="application/octet-stream" Cookie="ARRAffinity=6fd4f9abf47ac49596ce3a6d8a1fde8f9b930131954ada4e64c68328b6ffcfc8;Path=/;HttpOnly;Secure;Domain=travelbuddy-b2c6hgbbgeh4esdh.scm.eastus2-01.azurewebsites.net; ARRAffinitySameSite=6fd4f9abf47ac49596ce3a6d8a1fde8f9b930131954ada4e64c68328b6ffcfc8;Path=/;HttpOnly;SameSite=None;Secure;Domain=travelbuddy-b2c6hgbbgeh4esdh.scm.eastus2-01.azurewebsites.net" Transfer-Encoding="chunked" X-ARR-LOG-ID="e77fbfb3-c907-4b40-9c00-c091b6e8fbf7" CLIENT-IP="172.178.119.22:46081" X-SITE-DEPLOYMENT-ID="travelbuddy" WAS-DEFAULT-HOSTNAME="travelbuddy-b2c6hgbbgeh4esdh.scm.eastus2-01.azurewebsites.net" X-Forwarded-Proto="https" X-AppService-Proto="https" X-Forwarded-TlsVersion="1.3" X-WAWS-Unencoded-URL="/api/publish?async=true&amp;deployer=GITHUB_ONE_DEPLOY&amp;type=zip&amp;message=%7B%22type%22%3A%22deployment%22%2C%22sha%22%3A%22d47f2b6af64cd8494a1b56eda138defbb92b4589%22%2C%22repoName%22%3A%22deepalweb%2Ftravelbuddy%22%2C%22actor%22%3A%22deepalweb%22%2C%22slotName%22%3A%22production%22%2C%22commitMessage%22%3A%22feat(admin)%3A%20unify%20API%20cost%20%26%20usage%20dashboard%20with%20charts%20and%20shared%20filters%3B%20add%20%2Fapi%2Fusage%2Ftimeseries%22%7D" X-Client-IP="172.178.119.22" X-Client-Port="46081" >
  <step title="Cleanup Xml Logs" date="2025-08-13T08:13:42.173" >
    <step title="Cleanup Infos" date="2025-08-13T08:13:42.182" totalFiles="317" totalCleanup="157" /><!-- duration: 2ms -->
  </step><!-- duration: 12ms -->
  <step title="OneDeploy" date="2025-08-13T08:13:42.192" >
    <step title="Starting PushDeployAsync" date="2025-08-13T08:13:42.198" /><!-- duration: 2ms -->
    <step title="Writing artifact to /tmp/zipdeploy/f1272b4e-94ee-4639-84f2-e1d4138018d1.zip" date="2025-08-13T08:13:42.206" >
      <step title="Writing multipart request body to /tmp/zipdeploy/f1272b4e-94ee-4639-84f2-e1d4138018d1.zip" date="2025-08-13T08:13:42.208" /><!-- duration: 2ms -->
    </step><!-- duration: 162ms -->
    <step title="Start deployment in the background" date="2025-08-13T08:13:42.375" >
      <step title="Acquiring Deployment Lock" date="2025-08-13T08:13:42.384" /><!-- duration: 2ms -->
      <step title="Acquired Deployment Lock" date="2025-08-13T08:13:42.458" /><!-- duration: 2ms -->
    </step><!-- duration: 136ms -->
  </step><!-- duration: 320ms -->
  <step title="Outgoing response" date="2025-08-13T08:13:42.515" type="response" statusCode="202" statusText="Accepted" /><!-- duration: 2ms -->
</step><!-- duration: 348ms -->
