<step title="Incoming Request" date="2025-08-13T05:04:32.898" instance="6fd4f9" url="/api/publish?async=true&amp;deployer=GITHUB_ONE_DEPLOY&amp;type=zip&amp;message=%7B%22type%22%3A%22deployment%22%2C%22sha%22%3A%22dd534b9f7f163908773c99c5cd520b0f21f09e32%22%2C%22repoName%22%3A%22deepalweb%2Ftravelbuddy%22%2C%22actor%22%3A%22deepalweb%22%2C%22slotName%22%3A%22production%22%2C%22commitMessage%22%3A%22Admin%20access%3A%20add%20promote-admin%20helper%20(x-admin-api-key)%20and%20npm%20script%22%7D" method="POST" type="request" pid="820,1,74" Host="travelbuddy-b2c6hgbbgeh4esdh.scm.eastus2-01.azurewebsites.net" User-Agent="GITHUBACTIONS_DeployWebAppToAzure_b1f87d90bb83c0ff7e0432d6ceec70194ee9cebfedda360691d391da7dc88767" Authorization="Bas..." Content-Type="application/octet-stream" Cookie="ARRAffinity=6fd4f9abf47ac49596ce3a6d8a1fde8f9b930131954ada4e64c68328b6ffcfc8;Path=/;HttpOnly;Secure;Domain=travelbuddy-b2c6hgbbgeh4esdh.scm.eastus2-01.azurewebsites.net; ARRAffinitySameSite=6fd4f9abf47ac49596ce3a6d8a1fde8f9b930131954ada4e64c68328b6ffcfc8;Path=/;HttpOnly;SameSite=None;Secure;Domain=travelbuddy-b2c6hgbbgeh4esdh.scm.eastus2-01.azurewebsites.net" Transfer-Encoding="chunked" X-ARR-LOG-ID="19e1d007-562f-42f9-bd2c-ab4520044a72" CLIENT-IP="172.184.211.20:39937" X-SITE-DEPLOYMENT-ID="travelbuddy" WAS-DEFAULT-HOSTNAME="travelbuddy-b2c6hgbbgeh4esdh.scm.eastus2-01.azurewebsites.net" X-Forwarded-Proto="https" X-AppService-Proto="https" X-Forwarded-TlsVersion="1.3" X-WAWS-Unencoded-URL="/api/publish?async=true&amp;deployer=GITHUB_ONE_DEPLOY&amp;type=zip&amp;message=%7B%22type%22%3A%22deployment%22%2C%22sha%22%3A%22dd534b9f7f163908773c99c5cd520b0f21f09e32%22%2C%22repoName%22%3A%22deepalweb%2Ftravelbuddy%22%2C%22actor%22%3A%22deepalweb%22%2C%22slotName%22%3A%22production%22%2C%22commitMessage%22%3A%22Admin%20access%3A%20add%20promote-admin%20helper%20(x-admin-api-key)%20and%20npm%20script%22%7D" X-Client-IP="172.184.211.20" X-Client-Port="39937" >
  <step title="Cleanup Xml Logs" date="2025-08-13T05:04:32.901" >
    <step title="Cleanup Infos" date="2025-08-13T05:04:32.906" totalFiles="210" totalCleanup="50" /><!-- duration: 2ms -->
  </step><!-- duration: 9ms -->
  <step title="OneDeploy" date="2025-08-13T05:04:32.915" >
    <step title="Starting PushDeployAsync" date="2025-08-13T05:04:32.919" /><!-- duration: 2ms -->
    <step title="Removing node_modules symlink" date="2025-08-13T05:04:32.927" >
      <step title="Writing artifact to /tmp/zipdeploy/9a98ee67-7b21-4f10-aa14-f3a03455deed.zip" date="2025-08-13T05:04:32.942" >
        <step title="Writing multipart request body to /tmp/zipdeploy/9a98ee67-7b21-4f10-aa14-f3a03455deed.zip" date="2025-08-13T05:04:32.944" /><!-- duration: 2ms -->
      </step><!-- duration: 1008ms -->
      <step title="Removing previous build artifact&apos;s manifest file" date="2025-08-13T05:04:33.958" >
        <step title="Start deployment in the background" date="2025-08-13T05:04:33.964" >
          <step title="Acquiring Deployment Lock" date="2025-08-13T05:04:33.970" /><!-- duration: 2ms -->
          <step title="Acquired Deployment Lock" date="2025-08-13T05:04:33.997" /><!-- duration: 2ms -->
        </step><!-- duration: 75ms -->
      </step><!-- duration: 83ms -->
      <step title="Outgoing response" date="2025-08-13T05:04:34.043" type="response" statusCode="202" statusText="Accepted" /><!-- duration: 2ms -->
    </step><!-- duration: 1119ms -->
