<step title="BackgroundTrace" date="2025-08-13T06:55:45.769" instance="6fd4f9" url="/api/publish" method="POST" >
  <step title="Creating temporary deployment - FetchDeploymentManager" date="2025-08-13T06:55:45.817" /><!-- duration: 2ms -->
  <step title="Creating temporary deployment" date="2025-08-13T06:55:45.821" /><!-- duration: 56ms -->
  <step title="Performing fetch based deployment" date="2025-08-13T06:55:45.901" >
    <step title="Cleaning up temp folders from previous zip deployments and extracting pushed zip file /tmp/zipdeploy/d129b643-aa51-4bd9-989f-1df271d77641.zip (34.42 MB) to /tmp/zipdeploy/extracted" date="2025-08-13T06:55:47.019" >
      <step title="ChmodRecursive Process exited with total time taken in ms: 98" date="2025-08-13T06:55:49.009" /><!-- duration: 5ms -->
    </step><!-- duration: 1998ms -->
    <step title="Deployment timer started" date="2025-08-13T06:55:51.023" >
      <step title="DeploymentManager.Deploy(id:5fca07b6-013f-493d-90d5-5811ad688cf0)" date="2025-08-13T06:55:51.045" >
        <step title="Collecting changeset information" date="2025-08-13T06:55:51.057" /><!-- duration: 65ms -->
        <step title="Updating submodules" date="2025-08-13T06:55:51.127" /><!-- duration: 1081ms -->
        <step title="Determining deployment builder" date="2025-08-13T06:55:52.393" >
          <step title="Builder is OryxBuilder" date="2025-08-13T06:55:52.401" /><!-- duration: 2ms -->
        </step><!-- duration: 12ms -->
        <step title="PreDeployment: context.CleanOutputPath False" date="2025-08-13T06:55:52.437" >
          <step title="PreDeployment: context.OutputPath /home/site/wwwroot" date="2025-08-13T06:55:52.515" >
            <step title="Building" date="2025-08-13T06:55:52.642" >
              <step title="Executing external process" date="2025-08-13T06:55:52.861" type="process" path="bash" arguments="-c &quot;oryx build /tmp/zipdeploy/extracted -o /home/site/wwwroot --platform nodejs --platform-version 20 -p virtualenv_name= --log-file /tmp/build-debug.log  -i /tmp/8ddda3671846034 -p compress_node_modules=tar-gz | tee /tmp/oryx-build.log ; exit $PIPESTATUS &quot;" /><!-- duration: 98678ms -->
              <step title="Using GenericDeploymentLogParser" date="2025-08-13T06:57:31.829" /><!-- duration: 2ms -->
              <step title="Modified file to trigger a restart of the app container." date="2025-08-13T06:57:33.210" /><!-- duration: 3ms -->
              <step title="Skip function trigger and logicapp sync because function is not enabled." date="2025-08-13T06:57:33.216" /><!-- duration: 2ms -->
              <step title="Purge deployment items" date="2025-08-13T06:57:34.011" >
                <step title="Remove ece5ffa0-, Success, received at 08/12/2025 11:25:32" date="2025-08-13T06:57:34.067" /><!-- duration: 2ms -->
              </step><!-- duration: 60ms -->
            </step><!-- duration: 101482ms -->
          </step><!-- duration: 101616ms -->
          <step title="Cleaning up temp files" date="2025-08-13T06:57:34.134" /><!-- duration: 1028ms -->
          <step title="Cleaning up temp files" date="2025-08-13T06:57:35.179" /><!-- duration: 504ms -->
          <step title="Reloading status file with latest updates" date="2025-08-13T06:57:35.728" >
            <step title="WebHooksManager.PublishEventAsync: PostDeployment" date="2025-08-13T06:57:35.745" /><!-- duration: 30ms -->
          </step><!-- duration: 49ms -->
          <step title="Cleaning up temporary deployment - fetch deployment was successful" date="2025-08-13T06:57:35.781" /><!-- duration: 2ms -->
        </step><!-- duration: 103387ms -->
      </step><!-- duration: 104789ms -->
