<step title="Incoming Request" date="2025-08-15T11:54:04.753" instance="6fd4f9" url="/api/deployments/latest?deployer=OneDeploy&amp;time=2025-08-15_11-53-58Z" method="GET" type="request" pid="821,1,29" Host="travelbuddy-b2c6hgbbgeh4esdh.scm.eastus2-01.azurewebsites.net" User-Agent="GITHUBACTIONS_DeployWebAppToAzure_b1f87d90bb83c0ff7e0432d6ceec70194ee9cebfedda360691d391da7dc88767" Authorization="Bas..." Content-Type="application/json; charset=utf-8" Cookie="ARRAffinity=6fd4f9abf47ac49596ce3a6d8a1fde8f9b930131954ada4e64c68328b6ffcfc8;Path=/;HttpOnly;Secure;Domain=travelbuddy-b2c6hgbbgeh4esdh.scm.eastus2-01.azurewebsites.net; ARRAffinitySameSite=6fd4f9abf47ac49596ce3a6d8a1fde8f9b930131954ada4e64c68328b6ffcfc8;Path=/;HttpOnly;SameSite=None;Secure;Domain=travelbuddy-b2c6hgbbgeh4esdh.scm.eastus2-01.azurewebsites.net" Content-Length="0" X-ARR-LOG-ID="8d915fdb-7f26-49c2-91e5-22717ff61651" CLIENT-IP="64.236.169.129:49153" X-SITE-DEPLOYMENT-ID="travelbuddy" WAS-DEFAULT-HOSTNAME="travelbuddy-b2c6hgbbgeh4esdh.scm.eastus2-01.azurewebsites.net" X-Forwarded-Proto="https" X-AppService-Proto="https" X-Forwarded-TlsVersion="1.3" X-WAWS-Unencoded-URL="/api/deployments/latest?deployer=OneDeploy&amp;time=2025-08-15_11-53-58Z" X-Client-IP="64.236.169.129" X-Client-Port="49153" >
  <step title="Cleanup Xml Logs" date="2025-08-15T11:54:04.756" >
    <step title="Cleanup Infos" date="2025-08-15T11:54:04.764" totalFiles="454" totalCleanup="294" /><!-- duration: 2ms -->
  </step><!-- duration: 13ms -->
  <step title="DeploymentService.GetResult" date="2025-08-15T11:54:04.773" >
    <step title="DeploymentService.GetLatestDeployment" date="2025-08-15T11:54:04.775" >
      <step title="DeploymentManager.GetResults" date="2025-08-15T11:54:04.776" /><!-- duration: 404ms -->
    </step><!-- duration: 408ms -->
  </step><!-- duration: 412ms -->
  <step title="Outgoing response" date="2025-08-15T11:54:05.187" type="response" statusCode="202" statusText="Accepted" /><!-- duration: 2ms -->
</step><!-- duration: 438ms -->
