<step title="Incoming Request" date="2025-08-13T08:37:38.779" instance="6fd4f9" url="/api/deployments/latest?deployer=OneDeploy&amp;time=2025-08-13_08-35-53Z" method="GET" type="request" pid="821,1,24" Host="travelbuddy-b2c6hgbbgeh4esdh.scm.eastus2-01.azurewebsites.net" User-Agent="GITHUBACTIONS_DeployWebAppToAzure_b1f87d90bb83c0ff7e0432d6ceec70194ee9cebfedda360691d391da7dc88767" Authorization="Bas..." Content-Type="application/json; charset=utf-8" Cookie="ARRAffinity=6fd4f9abf47ac49596ce3a6d8a1fde8f9b930131954ada4e64c68328b6ffcfc8;Path=/;HttpOnly;Secure;Domain=travelbuddy-b2c6hgbbgeh4esdh.scm.eastus2-01.azurewebsites.net; ARRAffinitySameSite=6fd4f9abf47ac49596ce3a6d8a1fde8f9b930131954ada4e64c68328b6ffcfc8;Path=/;HttpOnly;SameSite=None;Secure;Domain=travelbuddy-b2c6hgbbgeh4esdh.scm.eastus2-01.azurewebsites.net" Content-Length="0" X-ARR-LOG-ID="4fe2bbd6-df32-46c3-8ff8-b1c46379b58d" CLIENT-IP="64.236.131.247:34873" X-SITE-DEPLOYMENT-ID="travelbuddy" WAS-DEFAULT-HOSTNAME="travelbuddy-b2c6hgbbgeh4esdh.scm.eastus2-01.azurewebsites.net" X-Forwarded-Proto="https" X-AppService-Proto="https" X-Forwarded-TlsVersion="1.3" X-WAWS-Unencoded-URL="/api/deployments/latest?deployer=OneDeploy&amp;time=2025-08-13_08-35-53Z" X-Client-IP="64.236.131.247" X-Client-Port="34873" >
  <step title="Cleanup Xml Logs" date="2025-08-13T08:37:38.783" >
    <step title="Cleanup Infos" date="2025-08-13T08:37:38.797" totalFiles="359" totalCleanup="199" /><!-- duration: 4ms -->
  </step><!-- duration: 22ms -->
  <step title="DeploymentService.GetResult" date="2025-08-13T08:37:38.821" >
    <step title="DeploymentService.GetLatestDeployment" date="2025-08-13T08:37:38.825" >
      <step title="DeploymentManager.GetResults" date="2025-08-13T08:37:38.834" /><!-- duration: 544ms -->
    </step><!-- duration: 564ms -->
  </step><!-- duration: 590ms -->
  <step title="Outgoing response" date="2025-08-13T08:37:39.415" type="response" statusCode="202" statusText="Accepted" /><!-- duration: 6ms -->
</step><!-- duration: 645ms -->
