<step title="Incoming Request" date="2025-08-12T11:42:12.689" instance="6fd4f9" url="/api/publish?async=true&amp;deployer=GITHUB_ONE_DEPLOY&amp;type=zip&amp;message=%7B%22type%22%3A%22deployment%22%2C%22sha%22%3A%22a597585576e9641c2208b176fb04911edf3e2600%22%2C%22repoName%22%3A%22deepalweb%2Ftravelbuddy%22%2C%22actor%22%3A%22deepalweb%22%2C%22slotName%22%3A%22production%22%2C%22commitMessage%22%3A%22ci(azure)%3A%20install%20backend%20dependencies%20before%20deploy%20to%20fix%20socket.io%20module%20not%20found%22%7D" method="POST" type="request" pid="820,1,22" Host="travelbuddy-b2c6hgbbgeh4esdh.scm.eastus2-01.azurewebsites.net" User-Agent="GITHUBACTIONS_DeployWebAppToAzure_b1f87d90bb83c0ff7e0432d6ceec70194ee9cebfedda360691d391da7dc88767" Authorization="Bas..." Content-Type="application/octet-stream" Cookie="ARRAffinity=6fd4f9abf47ac49596ce3a6d8a1fde8f9b930131954ada4e64c68328b6ffcfc8;Path=/;HttpOnly;Secure;Domain=travelbuddy-b2c6hgbbgeh4esdh.scm.eastus2-01.azurewebsites.net; ARRAffinitySameSite=6fd4f9abf47ac49596ce3a6d8a1fde8f9b930131954ada4e64c68328b6ffcfc8;Path=/;HttpOnly;SameSite=None;Secure;Domain=travelbuddy-b2c6hgbbgeh4esdh.scm.eastus2-01.azurewebsites.net" Transfer-Encoding="chunked" X-ARR-LOG-ID="7e35d428-2d43-4ef0-952f-43b5bbaa1eda" CLIENT-IP="172.182.225.167:49153" X-SITE-DEPLOYMENT-ID="travelbuddy" WAS-DEFAULT-HOSTNAME="travelbuddy-b2c6hgbbgeh4esdh.scm.eastus2-01.azurewebsites.net" X-Forwarded-Proto="https" X-AppService-Proto="https" X-Forwarded-TlsVersion="1.3" X-WAWS-Unencoded-URL="/api/publish?async=true&amp;deployer=GITHUB_ONE_DEPLOY&amp;type=zip&amp;message=%7B%22type%22%3A%22deployment%22%2C%22sha%22%3A%22a597585576e9641c2208b176fb04911edf3e2600%22%2C%22repoName%22%3A%22deepalweb%2Ftravelbuddy%22%2C%22actor%22%3A%22deepalweb%22%2C%22slotName%22%3A%22production%22%2C%22commitMessage%22%3A%22ci(azure)%3A%20install%20backend%20dependencies%20before%20deploy%20to%20fix%20socket.io%20module%20not%20found%22%7D" X-Client-IP="172.182.225.167" X-Client-Port="49153" >
  <step title="Cleanup Xml Logs" date="2025-08-12T11:42:12.692" /><!-- duration: 5ms -->
  <step title="OneDeploy" date="2025-08-12T11:42:12.702" >
    <step title="Starting PushDeployAsync" date="2025-08-12T11:42:12.706" /><!-- duration: 2ms -->
    <step title="Removing node_modules symlink" date="2025-08-12T11:42:12.715" >
      <step title="Removing _del_node_modules symlink" date="2025-08-12T11:42:12.737" >
        <step title="Writing artifact to /tmp/zipdeploy/0f3f1541-b2b0-42bb-acc7-5bc44fc1e738.zip" date="2025-08-12T11:42:12.748" >
          <step title="Writing multipart request body to /tmp/zipdeploy/0f3f1541-b2b0-42bb-acc7-5bc44fc1e738.zip" date="2025-08-12T11:42:12.751" /><!-- duration: 7ms -->
        </step><!-- duration: 816ms -->
        <step title="Removing previous build artifact&apos;s manifest file" date="2025-08-12T11:42:13.568" >
          <step title="Start deployment in the background" date="2025-08-12T11:42:13.576" >
            <step title="Acquiring Deployment Lock" date="2025-08-12T11:42:13.598" /><!-- duration: 8ms -->
            <step title="Acquired Deployment Lock" date="2025-08-12T11:42:13.638" /><!-- duration: 2ms -->
          </step><!-- duration: 120ms -->
        </step><!-- duration: 130ms -->
        <step title="Outgoing response" date="2025-08-12T11:42:13.700" type="response" statusCode="202" statusText="Accepted" /><!-- duration: 2ms -->
      </step><!-- duration: 966ms -->
