<step title="Incoming Request" date="2025-08-13T10:23:50.921" instance="6fd4f9" url="/api/publish?async=true&amp;deployer=GITHUB_ONE_DEPLOY&amp;type=zip&amp;message=%7B%22type%22%3A%22deployment%22%2C%22sha%22%3A%223652c84da15b4494e78cae2b29f733953536636a%22%2C%22repoName%22%3A%22deepalweb%2Ftravelbuddy%22%2C%22actor%22%3A%22deepalweb%22%2C%22slotName%22%3A%22production%22%2C%22commitMessage%22%3A%22fix(subscription)%3A%20hydrate%20user%20from%20DB%20on%20login%2Fstart%3B%20harden%20user%20update%20endpoints%3B%20add%20GET%20%2Fapi%2Fusers%2F%3Aid%22%7D" method="POST" type="request" pid="821,1,47" Host="travelbuddy-b2c6hgbbgeh4esdh.scm.eastus2-01.azurewebsites.net" User-Agent="GITHUBACTIONS_DeployWebAppToAzure_b1f87d90bb83c0ff7e0432d6ceec70194ee9cebfedda360691d391da7dc88767" Authorization="Bas..." Content-Type="application/octet-stream" Cookie="ARRAffinity=6fd4f9abf47ac49596ce3a6d8a1fde8f9b930131954ada4e64c68328b6ffcfc8;Path=/;HttpOnly;Secure;Domain=travelbuddy-b2c6hgbbgeh4esdh.scm.eastus2-01.azurewebsites.net; ARRAffinitySameSite=6fd4f9abf47ac49596ce3a6d8a1fde8f9b930131954ada4e64c68328b6ffcfc8;Path=/;HttpOnly;SameSite=None;Secure;Domain=travelbuddy-b2c6hgbbgeh4esdh.scm.eastus2-01.azurewebsites.net" Transfer-Encoding="chunked" X-ARR-LOG-ID="6d869012-b003-4dc5-b369-1013a56d893f" CLIENT-IP="135.119.239.134:7217" X-SITE-DEPLOYMENT-ID="travelbuddy" WAS-DEFAULT-HOSTNAME="travelbuddy-b2c6hgbbgeh4esdh.scm.eastus2-01.azurewebsites.net" X-Forwarded-Proto="https" X-AppService-Proto="https" X-Forwarded-TlsVersion="1.3" X-WAWS-Unencoded-URL="/api/publish?async=true&amp;deployer=GITHUB_ONE_DEPLOY&amp;type=zip&amp;message=%7B%22type%22%3A%22deployment%22%2C%22sha%22%3A%223652c84da15b4494e78cae2b29f733953536636a%22%2C%22repoName%22%3A%22deepalweb%2Ftravelbuddy%22%2C%22actor%22%3A%22deepalweb%22%2C%22slotName%22%3A%22production%22%2C%22commitMessage%22%3A%22fix(subscription)%3A%20hydrate%20user%20from%20DB%20on%20login%2Fstart%3B%20harden%20user%20update%20endpoints%3B%20add%20GET%20%2Fapi%2Fusers%2F%3Aid%22%7D" X-Client-IP="135.119.239.134" X-Client-Port="7217" >
  <step title="Cleanup Xml Logs" date="2025-08-13T10:23:50.926" >
    <step title="Cleanup Infos" date="2025-08-13T10:23:50.933" totalFiles="385" totalCleanup="225" /><!-- duration: 2ms -->
  </step><!-- duration: 11ms -->
  <step title="OneDeploy" date="2025-08-13T10:23:50.943" >
    <step title="Starting PushDeployAsync" date="2025-08-13T10:23:50.949" /><!-- duration: 2ms -->
    <step title="Removing node_modules symlink" date="2025-08-13T10:23:50.960" >
      <step title="Writing artifact to /tmp/zipdeploy/14a35d6e-6b66-44f1-8478-bd6bb0b14230.zip" date="2025-08-13T10:23:50.980" >
        <step title="Writing multipart request body to /tmp/zipdeploy/14a35d6e-6b66-44f1-8478-bd6bb0b14230.zip" date="2025-08-13T10:23:50.982" /><!-- duration: 12ms -->
      </step><!-- duration: 176ms -->
      <step title="Removing previous build artifact&apos;s manifest file" date="2025-08-13T10:23:51.164" >
        <step title="Start deployment in the background" date="2025-08-13T10:23:51.170" >
          <step title="Acquiring Deployment Lock" date="2025-08-13T10:23:51.176" /><!-- duration: 2ms -->
          <step title="Acquired Deployment Lock" date="2025-08-13T10:23:51.198" /><!-- duration: 2ms -->
        </step><!-- duration: 101ms -->
      </step><!-- duration: 109ms -->
      <step title="Outgoing response" date="2025-08-13T10:23:51.274" type="response" statusCode="202" statusText="Accepted" /><!-- duration: 2ms -->
    </step><!-- duration: 318ms -->
