<step title="Incoming Request" date="2025-08-13T06:57:21.314" instance="6fd4f9" url="/api/deployments/latest?deployer=OneDeploy&amp;time=2025-08-13_06-55-45Z" method="GET" type="request" pid="821,1,14" Host="travelbuddy-b2c6hgbbgeh4esdh.scm.eastus2-01.azurewebsites.net" User-Agent="GITHUBACTIONS_DeployWebAppToAzure_b1f87d90bb83c0ff7e0432d6ceec70194ee9cebfedda360691d391da7dc88767" Authorization="Bas..." Content-Type="application/json; charset=utf-8" Cookie="ARRAffinity=6fd4f9abf47ac49596ce3a6d8a1fde8f9b930131954ada4e64c68328b6ffcfc8;Path=/;HttpOnly;Secure;Domain=travelbuddy-b2c6hgbbgeh4esdh.scm.eastus2-01.azurewebsites.net; ARRAffinitySameSite=6fd4f9abf47ac49596ce3a6d8a1fde8f9b930131954ada4e64c68328b6ffcfc8;Path=/;HttpOnly;SameSite=None;Secure;Domain=travelbuddy-b2c6hgbbgeh4esdh.scm.eastus2-01.azurewebsites.net" Content-Length="0" X-ARR-LOG-ID="0e80e8e9-e041-4ab4-965e-f557db85f7ed" CLIENT-IP="172.174.167.17:16408" X-SITE-DEPLOYMENT-ID="travelbuddy" WAS-DEFAULT-HOSTNAME="travelbuddy-b2c6hgbbgeh4esdh.scm.eastus2-01.azurewebsites.net" X-Forwarded-Proto="https" X-AppService-Proto="https" X-Forwarded-TlsVersion="1.3" X-WAWS-Unencoded-URL="/api/deployments/latest?deployer=OneDeploy&amp;time=2025-08-13_06-55-45Z" X-Client-IP="172.174.167.17" X-Client-Port="16408" >
  <step title="Cleanup Xml Logs" date="2025-08-13T06:57:21.318" >
    <step title="Cleanup Infos" date="2025-08-13T06:57:21.330" totalFiles="275" totalCleanup="115" /><!-- duration: 3ms -->
  </step><!-- duration: 18ms -->
  <step title="DeploymentService.GetResult" date="2025-08-13T06:57:21.345" >
    <step title="DeploymentService.GetLatestDeployment" date="2025-08-13T06:57:21.348" >
      <step title="DeploymentManager.GetResults" date="2025-08-13T06:57:21.352" /><!-- duration: 462ms -->
    </step><!-- duration: 470ms -->
  </step><!-- duration: 476ms -->
  <step title="Outgoing response" date="2025-08-13T06:57:21.826" type="response" statusCode="202" statusText="Accepted" /><!-- duration: 3ms -->
</step><!-- duration: 519ms -->
