<step title="Incoming Request" date="2025-08-12T17:05:50.383" instance="6fd4f9" url="/api/deployments/latest?deployer=OneDeploy&amp;time=2025-08-12_17-04-53Z" method="GET" type="request" pid="820,1,68" Host="travelbuddy-b2c6hgbbgeh4esdh.scm.eastus2-01.azurewebsites.net" User-Agent="GITHUBACTIONS_DeployWebAppToAzure_b1f87d90bb83c0ff7e0432d6ceec70194ee9cebfedda360691d391da7dc88767" Authorization="Bas..." Content-Type="application/json; charset=utf-8" Cookie="ARRAffinity=6fd4f9abf47ac49596ce3a6d8a1fde8f9b930131954ada4e64c68328b6ffcfc8;Path=/;HttpOnly;Secure;Domain=travelbuddy-b2c6hgbbgeh4esdh.scm.eastus2-01.azurewebsites.net; ARRAffinitySameSite=6fd4f9abf47ac49596ce3a6d8a1fde8f9b930131954ada4e64c68328b6ffcfc8;Path=/;HttpOnly;SameSite=None;Secure;Domain=travelbuddy-b2c6hgbbgeh4esdh.scm.eastus2-01.azurewebsites.net" Content-Length="0" X-ARR-LOG-ID="4a865498-61b9-4dfc-9afc-932959753108" CLIENT-IP="132.196.80.131:51224" X-SITE-DEPLOYMENT-ID="travelbuddy" WAS-DEFAULT-HOSTNAME="travelbuddy-b2c6hgbbgeh4esdh.scm.eastus2-01.azurewebsites.net" X-Forwarded-Proto="https" X-AppService-Proto="https" X-Forwarded-TlsVersion="1.3" X-WAWS-Unencoded-URL="/api/deployments/latest?deployer=OneDeploy&amp;time=2025-08-12_17-04-53Z" X-Client-IP="132.196.80.131" X-Client-Port="51224" >
  <step title="Cleanup Xml Logs" date="2025-08-12T17:05:50.390" >
    <step title="Cleanup Infos" date="2025-08-12T17:05:50.400" totalFiles="200" totalCleanup="40" /><!-- duration: 10ms -->
  </step><!-- duration: 23ms -->
  <step title="DeploymentService.GetResult" date="2025-08-12T17:05:50.417" >
    <step title="DeploymentService.GetLatestDeployment" date="2025-08-12T17:05:50.419" >
      <step title="DeploymentManager.GetResults" date="2025-08-12T17:05:50.421" /><!-- duration: 342ms -->
    </step><!-- duration: 361ms -->
  </step><!-- duration: 365ms -->
  <step title="Outgoing response" date="2025-08-12T17:05:50.784" type="response" statusCode="202" statusText="Accepted" /><!-- duration: 2ms -->
</step><!-- duration: 405ms -->
