<step title="BackgroundTrace" date="2025-08-13T05:23:51.605" instance="6fd4f9" url="/api/publish" method="POST" >
  <step title="Creating temporary deployment - FetchDeploymentManager" date="2025-08-13T05:23:51.632" /><!-- duration: 2ms -->
  <step title="Creating temporary deployment" date="2025-08-13T05:23:51.636" /><!-- duration: 56ms -->
  <step title="Performing fetch based deployment" date="2025-08-13T05:23:51.717" >
    <step title="Cleaning up temp folders from previous zip deployments and extracting pushed zip file /tmp/zipdeploy/89fb19e0-780d-43b8-9695-b8b1d9b44d5d.zip (34.42 MB) to /tmp/zipdeploy/extracted" date="2025-08-13T05:23:52.817" >
      <step title="ChmodRecursive Process exited with total time taken in ms: 89" date="2025-08-13T05:23:54.806" /><!-- duration: 6ms -->
    </step><!-- duration: 1997ms -->
    <step title="Deployment timer started" date="2025-08-13T05:23:56.819" >
      <step title="DeploymentManager.Deploy(id:85b901e8-ac68-4b4d-b343-06ac56d22021)" date="2025-08-13T05:23:56.824" >
        <step title="Collecting changeset information" date="2025-08-13T05:23:56.831" /><!-- duration: 76ms -->
        <step title="Updating submodules" date="2025-08-13T05:23:56.911" /><!-- duration: 1116ms -->
        <step title="Determining deployment builder" date="2025-08-13T05:23:58.208" >
          <step title="Builder is OryxBuilder" date="2025-08-13T05:23:58.216" /><!-- duration: 2ms -->
        </step><!-- duration: 11ms -->
        <step title="PreDeployment: context.CleanOutputPath False" date="2025-08-13T05:23:58.246" >
          <step title="PreDeployment: context.OutputPath /home/site/wwwroot" date="2025-08-13T05:23:58.324" >
            <step title="Building" date="2025-08-13T05:23:58.419" >
              <step title="Executing external process" date="2025-08-13T05:23:58.588" type="process" path="bash" arguments="-c &quot;oryx build /tmp/zipdeploy/extracted -o /home/site/wwwroot --platform nodejs --platform-version 20 -p virtualenv_name= --log-file /tmp/build-debug.log  -i /tmp/8ddda299ace6be1 -p compress_node_modules=tar-gz | tee /tmp/oryx-build.log ; exit $PIPESTATUS &quot;" /><!-- duration: 79983ms -->
              <step title="Using GenericDeploymentLogParser" date="2025-08-13T05:25:18.792" /><!-- duration: 2ms -->
              <step title="Modified file to trigger a restart of the app container." date="2025-08-13T05:25:19.587" /><!-- duration: 4ms -->
              <step title="Skip function trigger and logicapp sync because function is not enabled." date="2025-08-13T05:25:19.594" /><!-- duration: 2ms -->
              <step title="Purge deployment items" date="2025-08-13T05:25:20.378" >
                <step title="Remove b601cfe8-, Success, received at 08/12/2025 09:55:08" date="2025-08-13T05:25:20.409" /><!-- duration: 2ms -->
              </step><!-- duration: 35ms -->
            </step><!-- duration: 82034ms -->
          </step><!-- duration: 82137ms -->
          <step title="Cleaning up temp files" date="2025-08-13T05:25:20.463" /><!-- duration: 1076ms -->
          <step title="Cleaning up temp files" date="2025-08-13T05:25:21.542" /><!-- duration: 503ms -->
          <step title="Reloading status file with latest updates" date="2025-08-13T05:25:22.088" >
            <step title="WebHooksManager.PublishEventAsync: PostDeployment" date="2025-08-13T05:25:22.091" /><!-- duration: 21ms -->
          </step><!-- duration: 25ms -->
          <step title="Cleaning up temporary deployment - fetch deployment was successful" date="2025-08-13T05:25:22.116" /><!-- duration: 2ms -->
        </step><!-- duration: 83928ms -->
      </step><!-- duration: 85359ms -->
