<step title="Incoming Request" date="2025-08-13T12:00:34.907" instance="6fd4f9" url="/api/deployments/latest?deployer=OneDeploy&amp;time=2025-08-13_12-00-00Z" method="GET" type="request" pid="821,1,72" Host="travelbuddy-b2c6hgbbgeh4esdh.scm.eastus2-01.azurewebsites.net" User-Agent="GITHUBACTIONS_DeployWebAppToAzure_b1f87d90bb83c0ff7e0432d6ceec70194ee9cebfedda360691d391da7dc88767" Authorization="Bas..." Content-Type="application/json; charset=utf-8" Cookie="ARRAffinity=6fd4f9abf47ac49596ce3a6d8a1fde8f9b930131954ada4e64c68328b6ffcfc8;Path=/;HttpOnly;Secure;Domain=travelbuddy-b2c6hgbbgeh4esdh.scm.eastus2-01.azurewebsites.net; ARRAffinitySameSite=6fd4f9abf47ac49596ce3a6d8a1fde8f9b930131954ada4e64c68328b6ffcfc8;Path=/;HttpOnly;SameSite=None;Secure;Domain=travelbuddy-b2c6hgbbgeh4esdh.scm.eastus2-01.azurewebsites.net" Content-Length="0" X-ARR-LOG-ID="bb5eb595-1302-4bdf-9852-cc030b3c158a" CLIENT-IP="52.173.163.38:46018" X-SITE-DEPLOYMENT-ID="travelbuddy" WAS-DEFAULT-HOSTNAME="travelbuddy-b2c6hgbbgeh4esdh.scm.eastus2-01.azurewebsites.net" X-Forwarded-Proto="https" X-AppService-Proto="https" X-Forwarded-TlsVersion="1.3" X-WAWS-Unencoded-URL="/api/deployments/latest?deployer=OneDeploy&amp;time=2025-08-13_12-00-00Z" X-Client-IP="52.173.163.38" X-Client-Port="46018" >
  <step title="Cleanup Xml Logs" date="2025-08-13T12:00:34.910" >
    <step title="Cleanup Infos" date="2025-08-13T12:00:34.919" totalFiles="438" totalCleanup="278" /><!-- duration: 3ms -->
  </step><!-- duration: 22ms -->
  <step title="DeploymentService.GetResult" date="2025-08-13T12:00:34.938" >
    <step title="DeploymentService.GetLatestDeployment" date="2025-08-13T12:00:34.940" >
      <step title="DeploymentManager.GetResults" date="2025-08-13T12:00:34.942" /><!-- duration: 406ms -->
    </step><!-- duration: 413ms -->
  </step><!-- duration: 418ms -->
  <step title="Outgoing response" date="2025-08-13T12:00:35.359" type="response" statusCode="202" statusText="Accepted" /><!-- duration: 2ms -->
</step><!-- duration: 456ms -->
