<step title="Incoming Request" date="2025-08-12T11:14:57.489" instance="6fd4f9" url="/api/publish?async=true&amp;deployer=GITHUB_ONE_DEPLOY&amp;type=zip&amp;message=%7B%22type%22%3A%22deployment%22%2C%22sha%22%3A%2272f509bd6f61b4be557e682c0cf4f4b09c183231%22%2C%22repoName%22%3A%22deepalweb%2Ftravelbuddy%22%2C%22actor%22%3A%22deepalweb%22%2C%22slotName%22%3A%22production%22%2C%22commitMessage%22%3A%22Merge%20reconnect%2Fauth-check%20into%20main%3A%20replace%20legacy%20workflow%20with%20deploy-azure.yml%20(publish%20profile%2C%20Linux)%22%7D" method="POST" type="request" pid="820,1,29" Host="travelbuddy-b2c6hgbbgeh4esdh.scm.eastus2-01.azurewebsites.net" User-Agent="GITHUBACTIONS_DeployWebAppToAzure_b1f87d90bb83c0ff7e0432d6ceec70194ee9cebfedda360691d391da7dc88767" Authorization="Bas..." Content-Type="application/octet-stream" Cookie="ARRAffinity=6fd4f9abf47ac49596ce3a6d8a1fde8f9b930131954ada4e64c68328b6ffcfc8;Path=/;HttpOnly;Secure;Domain=travelbuddy-b2c6hgbbgeh4esdh.scm.eastus2-01.azurewebsites.net; ARRAffinitySameSite=6fd4f9abf47ac49596ce3a6d8a1fde8f9b930131954ada4e64c68328b6ffcfc8;Path=/;HttpOnly;SameSite=None;Secure;Domain=travelbuddy-b2c6hgbbgeh4esdh.scm.eastus2-01.azurewebsites.net" Transfer-Encoding="chunked" X-ARR-LOG-ID="5f18c264-1c96-4433-bdc2-4c7b14fe6395" CLIENT-IP="20.161.71.53:53248" X-SITE-DEPLOYMENT-ID="travelbuddy" WAS-DEFAULT-HOSTNAME="travelbuddy-b2c6hgbbgeh4esdh.scm.eastus2-01.azurewebsites.net" X-Forwarded-Proto="https" X-AppService-Proto="https" X-Forwarded-TlsVersion="1.3" X-WAWS-Unencoded-URL="/api/publish?async=true&amp;deployer=GITHUB_ONE_DEPLOY&amp;type=zip&amp;message=%7B%22type%22%3A%22deployment%22%2C%22sha%22%3A%2272f509bd6f61b4be557e682c0cf4f4b09c183231%22%2C%22repoName%22%3A%22deepalweb%2Ftravelbuddy%22%2C%22actor%22%3A%22deepalweb%22%2C%22slotName%22%3A%22production%22%2C%22commitMessage%22%3A%22Merge%20reconnect%2Fauth-check%20into%20main%3A%20replace%20legacy%20workflow%20with%20deploy-azure.yml%20(publish%20profile%2C%20Linux)%22%7D" X-Client-IP="20.161.71.53" X-Client-Port="53248" >
  <step title="OneDeploy" date="2025-08-12T11:14:57.535" >
    <step title="None repository commit" date="2025-08-12T11:14:57.553" >
      <step title="Commit id: e0b5b969-816f-414b-9ba7-9b4dea1b3e76" date="2025-08-12T11:14:57.555" Message="N/A" AuthorName="N/A" AuthorEmail="N/A" /><!-- duration: 3ms -->
    </step><!-- duration: 7ms -->
    <step title="Starting PushDeployAsync" date="2025-08-12T11:14:57.561" /><!-- duration: 2ms -->
    <step title="Removing node_modules symlink" date="2025-08-12T11:14:57.577" >
      <step title="Removing _del_node_modules symlink" date="2025-08-12T11:14:57.601" >
        <step title="Writing artifact to /tmp/zipdeploy/6be958f9-4207-4f89-9966-797f3d7ad8b3.zip" date="2025-08-12T11:14:57.612" >
          <step title="Writing multipart request body to /tmp/zipdeploy/6be958f9-4207-4f89-9966-797f3d7ad8b3.zip" date="2025-08-12T11:14:57.615" /><!-- duration: 4ms -->
        </step><!-- duration: 38ms -->
        <step title="Removing previous build artifact&apos;s manifest file" date="2025-08-12T11:14:57.664" >
          <step title="Start deployment in the background" date="2025-08-12T11:14:57.673" >
            <step title="Acquiring Deployment Lock" date="2025-08-12T11:14:57.681" /><!-- duration: 2ms -->
            <step title="Acquired Deployment Lock" date="2025-08-12T11:14:57.713" /><!-- duration: 2ms -->
          </step><!-- duration: 92ms -->
        </step><!-- duration: 105ms -->
        <step title="Outgoing response" date="2025-08-12T11:14:57.788" type="response" statusCode="202" statusText="Accepted" /><!-- duration: 2ms -->
      </step><!-- duration: 191ms -->
