<step title="Incoming Request" date="2025-08-13T05:05:49.039" instance="6fd4f9" url="/api/deployments/latest?deployer=OneDeploy&amp;time=2025-08-13_05-04-34Z" method="GET" type="request" pid="820,1,76" Host="travelbuddy-b2c6hgbbgeh4esdh.scm.eastus2-01.azurewebsites.net" User-Agent="GITHUBACTIONS_DeployWebAppToAzure_b1f87d90bb83c0ff7e0432d6ceec70194ee9cebfedda360691d391da7dc88767" Authorization="Bas..." Content-Type="application/json; charset=utf-8" Cookie="ARRAffinity=6fd4f9abf47ac49596ce3a6d8a1fde8f9b930131954ada4e64c68328b6ffcfc8;Path=/;HttpOnly;Secure;Domain=travelbuddy-b2c6hgbbgeh4esdh.scm.eastus2-01.azurewebsites.net; ARRAffinitySameSite=6fd4f9abf47ac49596ce3a6d8a1fde8f9b930131954ada4e64c68328b6ffcfc8;Path=/;HttpOnly;SameSite=None;Secure;Domain=travelbuddy-b2c6hgbbgeh4esdh.scm.eastus2-01.azurewebsites.net" Content-Length="0" X-ARR-LOG-ID="f2775dd3-4172-41f5-ad9d-03401b0a4ba5" CLIENT-IP="172.184.211.20:39937" X-SITE-DEPLOYMENT-ID="travelbuddy" WAS-DEFAULT-HOSTNAME="travelbuddy-b2c6hgbbgeh4esdh.scm.eastus2-01.azurewebsites.net" X-Forwarded-Proto="https" X-AppService-Proto="https" X-Forwarded-TlsVersion="1.3" X-WAWS-Unencoded-URL="/api/deployments/latest?deployer=OneDeploy&amp;time=2025-08-13_05-04-34Z" X-Client-IP="172.184.211.20" X-Client-Port="39937" >
  <step title="Cleanup Xml Logs" date="2025-08-13T05:05:49.043" >
    <step title="Cleanup Infos" date="2025-08-13T05:05:49.051" totalFiles="225" totalCleanup="65" /><!-- duration: 3ms -->
  </step><!-- duration: 17ms -->
  <step title="DeploymentService.GetResult" date="2025-08-13T05:05:49.066" >
    <step title="DeploymentService.GetLatestDeployment" date="2025-08-13T05:05:49.070" >
      <step title="DeploymentManager.GetResults" date="2025-08-13T05:05:49.073" /><!-- duration: 409ms -->
    </step><!-- duration: 416ms -->
  </step><!-- duration: 423ms -->
  <step title="Outgoing response" date="2025-08-13T05:05:49.493" type="response" statusCode="202" statusText="Accepted" /><!-- duration: 3ms -->
</step><!-- duration: 460ms -->
