<step title="Incoming Request" date="2025-08-12T11:25:28.960" instance="6fd4f9" url="/api/publish?async=true&amp;deployer=GITHUB_ONE_DEPLOY&amp;type=zip&amp;message=%7B%22type%22%3A%22deployment%22%2C%22sha%22%3A%221610601c34e095635658b691de0aa0dfce439230%22%2C%22repoName%22%3A%22deepalweb%2Ftravelbuddy%22%2C%22actor%22%3A%22deepalweb%22%2C%22slotName%22%3A%22production%22%2C%22commitMessage%22%3A%22ci(azure)%3A%20remove%20Windows%20Kudu%20scripts%20(.deployment%2C%20deploy.cmd)%20to%20enable%20Linux%20Oryx%20build%22%7D" method="POST" type="request" pid="820,1,34" Host="travelbuddy-b2c6hgbbgeh4esdh.scm.eastus2-01.azurewebsites.net" User-Agent="GITHUBACTIONS_DeployWebAppToAzure_b1f87d90bb83c0ff7e0432d6ceec70194ee9cebfedda360691d391da7dc88767" Authorization="Bas..." Content-Type="application/octet-stream" Cookie="ARRAffinity=6fd4f9abf47ac49596ce3a6d8a1fde8f9b930131954ada4e64c68328b6ffcfc8;Path=/;HttpOnly;Secure;Domain=travelbuddy-b2c6hgbbgeh4esdh.scm.eastus2-01.azurewebsites.net; ARRAffinitySameSite=6fd4f9abf47ac49596ce3a6d8a1fde8f9b930131954ada4e64c68328b6ffcfc8;Path=/;HttpOnly;SameSite=None;Secure;Domain=travelbuddy-b2c6hgbbgeh4esdh.scm.eastus2-01.azurewebsites.net" Transfer-Encoding="chunked" X-ARR-LOG-ID="9a3e14bf-e509-4d0f-83c8-a4fbc2ce0373" CLIENT-IP="64.236.201.36:56320" X-SITE-DEPLOYMENT-ID="travelbuddy" WAS-DEFAULT-HOSTNAME="travelbuddy-b2c6hgbbgeh4esdh.scm.eastus2-01.azurewebsites.net" X-Forwarded-Proto="https" X-AppService-Proto="https" X-Forwarded-TlsVersion="1.3" X-WAWS-Unencoded-URL="/api/publish?async=true&amp;deployer=GITHUB_ONE_DEPLOY&amp;type=zip&amp;message=%7B%22type%22%3A%22deployment%22%2C%22sha%22%3A%221610601c34e095635658b691de0aa0dfce439230%22%2C%22repoName%22%3A%22deepalweb%2Ftravelbuddy%22%2C%22actor%22%3A%22deepalweb%22%2C%22slotName%22%3A%22production%22%2C%22commitMessage%22%3A%22ci(azure)%3A%20remove%20Windows%20Kudu%20scripts%20(.deployment%2C%20deploy.cmd)%20to%20enable%20Linux%20Oryx%20build%22%7D" X-Client-IP="64.236.201.36" X-Client-Port="56320" >
  <step title="OneDeploy" date="2025-08-12T11:25:28.965" >
    <step title="Starting PushDeployAsync" date="2025-08-12T11:25:28.969" /><!-- duration: 3ms -->
    <step title="Writing artifact to /tmp/zipdeploy/75ed9868-80e0-4228-bae6-5de968e2f410.zip" date="2025-08-12T11:25:28.977" >
      <step title="Writing multipart request body to /tmp/zipdeploy/75ed9868-80e0-4228-bae6-5de968e2f410.zip" date="2025-08-12T11:25:28.979" /><!-- duration: 4ms -->
    </step><!-- duration: 108ms -->
    <step title="Start deployment in the background" date="2025-08-12T11:25:29.091" >
      <step title="Acquiring Deployment Lock" date="2025-08-12T11:25:29.099" /><!-- duration: 2ms -->
      <step title="Acquired Deployment Lock" date="2025-08-12T11:25:29.119" /><!-- duration: 2ms -->
    </step><!-- duration: 78ms -->
  </step><!-- duration: 206ms -->
  <step title="Outgoing response" date="2025-08-12T11:25:29.173" type="response" statusCode="202" statusText="Accepted" /><!-- duration: 2ms -->
</step><!-- duration: 217ms -->
