<step title="Incoming Request" date="2025-08-13T10:24:19.427" instance="6fd4f9" url="/api/deployments/latest?deployer=OneDeploy&amp;time=2025-08-13_10-23-51Z" method="GET" type="request" pid="821,1,48" Host="travelbuddy-b2c6hgbbgeh4esdh.scm.eastus2-01.azurewebsites.net" User-Agent="GITHUBACTIONS_DeployWebAppToAzure_b1f87d90bb83c0ff7e0432d6ceec70194ee9cebfedda360691d391da7dc88767" Authorization="Bas..." Content-Type="application/json; charset=utf-8" Cookie="ARRAffinity=6fd4f9abf47ac49596ce3a6d8a1fde8f9b930131954ada4e64c68328b6ffcfc8;Path=/;HttpOnly;Secure;Domain=travelbuddy-b2c6hgbbgeh4esdh.scm.eastus2-01.azurewebsites.net; ARRAffinitySameSite=6fd4f9abf47ac49596ce3a6d8a1fde8f9b930131954ada4e64c68328b6ffcfc8;Path=/;HttpOnly;SameSite=None;Secure;Domain=travelbuddy-b2c6hgbbgeh4esdh.scm.eastus2-01.azurewebsites.net" Content-Length="0" X-ARR-LOG-ID="54827b22-0138-4217-97a7-7e8aefa48178" CLIENT-IP="135.119.239.134:7218" X-SITE-DEPLOYMENT-ID="travelbuddy" WAS-DEFAULT-HOSTNAME="travelbuddy-b2c6hgbbgeh4esdh.scm.eastus2-01.azurewebsites.net" X-Forwarded-Proto="https" X-AppService-Proto="https" X-Forwarded-TlsVersion="1.3" X-WAWS-Unencoded-URL="/api/deployments/latest?deployer=OneDeploy&amp;time=2025-08-13_10-23-51Z" X-Client-IP="135.119.239.134" X-Client-Port="7218" >
  <step title="Cleanup Xml Logs" date="2025-08-13T10:24:19.430" >
    <step title="Cleanup Infos" date="2025-08-13T10:24:19.438" totalFiles="392" totalCleanup="232" /><!-- duration: 2ms -->
  </step><!-- duration: 12ms -->
  <step title="DeploymentService.GetResult" date="2025-08-13T10:24:19.464" >
    <step title="DeploymentService.GetLatestDeployment" date="2025-08-13T10:24:19.469" >
      <step title="DeploymentManager.GetResults" date="2025-08-13T10:24:19.471" /><!-- duration: 475ms -->
    </step><!-- duration: 481ms -->
  </step><!-- duration: 489ms -->
  <step title="Outgoing response" date="2025-08-13T10:24:19.957" type="response" statusCode="202" statusText="Accepted" /><!-- duration: 3ms -->
</step><!-- duration: 536ms -->
