<step title="Incoming Request" date="2025-08-12T17:04:53.109" instance="6fd4f9" url="/api/publish?async=true&amp;deployer=GITHUB_ONE_DEPLOY&amp;type=zip&amp;message=%7B%22type%22%3A%22deployment%22%2C%22sha%22%3A%229321f3ab429175939c3f77a1f5142ad6a1d82d8b%22%2C%22repoName%22%3A%22deepalweb%2Ftravelbuddy%22%2C%22actor%22%3A%22deepalweb%22%2C%22slotName%22%3A%22production%22%2C%22commitMessage%22%3A%22Backend%3A%20load%20backend%2F.env%20as%20fallback%3B%20relax%20startup%20gating%20on%20MONGO_URI%3B%20clarify%20SKIP_MONGO%20logs%3B%20rebuild%22%7D" method="POST" type="request" pid="820,1,64" Host="travelbuddy-b2c6hgbbgeh4esdh.scm.eastus2-01.azurewebsites.net" User-Agent="GITHUBACTIONS_DeployWebAppToAzure_b1f87d90bb83c0ff7e0432d6ceec70194ee9cebfedda360691d391da7dc88767" Authorization="Bas..." Content-Type="application/octet-stream" Cookie="ARRAffinity=6fd4f9abf47ac49596ce3a6d8a1fde8f9b930131954ada4e64c68328b6ffcfc8;Path=/;HttpOnly;Secure;Domain=travelbuddy-b2c6hgbbgeh4esdh.scm.eastus2-01.azurewebsites.net; ARRAffinitySameSite=6fd4f9abf47ac49596ce3a6d8a1fde8f9b930131954ada4e64c68328b6ffcfc8;Path=/;HttpOnly;SameSite=None;Secure;Domain=travelbuddy-b2c6hgbbgeh4esdh.scm.eastus2-01.azurewebsites.net" Transfer-Encoding="chunked" X-ARR-LOG-ID="12d5d6ac-a634-4213-b659-2fa45990c51b" CLIENT-IP="132.196.80.131:51225" X-SITE-DEPLOYMENT-ID="travelbuddy" WAS-DEFAULT-HOSTNAME="travelbuddy-b2c6hgbbgeh4esdh.scm.eastus2-01.azurewebsites.net" X-Forwarded-Proto="https" X-AppService-Proto="https" X-Forwarded-TlsVersion="1.3" X-WAWS-Unencoded-URL="/api/publish?async=true&amp;deployer=GITHUB_ONE_DEPLOY&amp;type=zip&amp;message=%7B%22type%22%3A%22deployment%22%2C%22sha%22%3A%229321f3ab429175939c3f77a1f5142ad6a1d82d8b%22%2C%22repoName%22%3A%22deepalweb%2Ftravelbuddy%22%2C%22actor%22%3A%22deepalweb%22%2C%22slotName%22%3A%22production%22%2C%22commitMessage%22%3A%22Backend%3A%20load%20backend%2F.env%20as%20fallback%3B%20relax%20startup%20gating%20on%20MONGO_URI%3B%20clarify%20SKIP_MONGO%20logs%3B%20rebuild%22%7D" X-Client-IP="132.196.80.131" X-Client-Port="51225" >
  <step title="Cleanup Xml Logs" date="2025-08-12T17:04:53.111" /><!-- duration: 5ms -->
  <step title="OneDeploy" date="2025-08-12T17:04:53.125" >
    <step title="Starting PushDeployAsync" date="2025-08-12T17:04:53.129" /><!-- duration: 2ms -->
    <step title="Removing node_modules symlink" date="2025-08-12T17:04:53.138" >
      <step title="Writing artifact to /tmp/zipdeploy/88553370-86db-4e55-b040-60625612cb3d.zip" date="2025-08-12T17:04:53.151" >
        <step title="Writing multipart request body to /tmp/zipdeploy/88553370-86db-4e55-b040-60625612cb3d.zip" date="2025-08-12T17:04:53.153" /><!-- duration: 5ms -->
      </step><!-- duration: 670ms -->
      <step title="Removing previous build artifact&apos;s manifest file" date="2025-08-12T17:04:53.825" >
        <step title="Start deployment in the background" date="2025-08-12T17:04:53.836" >
          <step title="Acquiring Deployment Lock" date="2025-08-12T17:04:53.847" /><!-- duration: 2ms -->
          <step title="Acquired Deployment Lock" date="2025-08-12T17:04:53.866" /><!-- duration: 2ms -->
        </step><!-- duration: 120ms -->
      </step><!-- duration: 134ms -->
      <step title="Outgoing response" date="2025-08-12T17:04:53.961" type="response" statusCode="202" statusText="Accepted" /><!-- duration: 2ms -->
    </step><!-- duration: 826ms -->
