<step title="Incoming Request" date="2025-08-12T17:06:01.594" instance="6fd4f9" url="/api/deployments/latest?deployer=OneDeploy&amp;time=2025-08-12_17-04-53Z" method="GET" type="request" pid="820,1,33" Host="travelbuddy-b2c6hgbbgeh4esdh.scm.eastus2-01.azurewebsites.net" User-Agent="GITHUBACTIONS_DeployWebAppToAzure_b1f87d90bb83c0ff7e0432d6ceec70194ee9cebfedda360691d391da7dc88767" Authorization="Bas..." Content-Type="application/json; charset=utf-8" Cookie="ARRAffinity=6fd4f9abf47ac49596ce3a6d8a1fde8f9b930131954ada4e64c68328b6ffcfc8;Path=/;HttpOnly;Secure;Domain=travelbuddy-b2c6hgbbgeh4esdh.scm.eastus2-01.azurewebsites.net; ARRAffinitySameSite=6fd4f9abf47ac49596ce3a6d8a1fde8f9b930131954ada4e64c68328b6ffcfc8;Path=/;HttpOnly;SameSite=None;Secure;Domain=travelbuddy-b2c6hgbbgeh4esdh.scm.eastus2-01.azurewebsites.net" Content-Length="0" X-ARR-LOG-ID="660dbeb2-c29c-4075-978b-c62bed477735" CLIENT-IP="132.196.80.131:51227" X-SITE-DEPLOYMENT-ID="travelbuddy" WAS-DEFAULT-HOSTNAME="travelbuddy-b2c6hgbbgeh4esdh.scm.eastus2-01.azurewebsites.net" X-Forwarded-Proto="https" X-AppService-Proto="https" X-Forwarded-TlsVersion="1.3" X-WAWS-Unencoded-URL="/api/deployments/latest?deployer=OneDeploy&amp;time=2025-08-12_17-04-53Z" X-Client-IP="132.196.80.131" X-Client-Port="51227" >
  <step title="Cleanup Xml Logs" date="2025-08-12T17:06:01.598" >
    <step title="Cleanup Infos" date="2025-08-12T17:06:01.608" totalFiles="202" totalCleanup="42" /><!-- duration: 6ms -->
  </step><!-- duration: 19ms -->
  <step title="DeploymentService.GetResult" date="2025-08-12T17:06:01.621" >
    <step title="DeploymentService.GetLatestDeployment" date="2025-08-12T17:06:01.623" >
      <step title="DeploymentManager.GetResults" date="2025-08-12T17:06:01.624" /><!-- duration: 366ms -->
    </step><!-- duration: 372ms -->
  </step><!-- duration: 375ms -->
  <step title="Outgoing response" date="2025-08-12T17:06:01.999" type="response" statusCode="202" statusText="Accepted" /><!-- duration: 2ms -->
</step><!-- duration: 408ms -->
