<step title="Incoming Request" date="2025-08-13T07:42:02.263" instance="6fd4f9" url="/api/deployments/latest?deployer=OneDeploy&amp;time=2025-08-13_07-41-39Z" method="GET" type="request" pid="821,1,19" Host="travelbuddy-b2c6hgbbgeh4esdh.scm.eastus2-01.azurewebsites.net" User-Agent="GITHUBACTIONS_DeployWebAppToAzure_b1f87d90bb83c0ff7e0432d6ceec70194ee9cebfedda360691d391da7dc88767" Authorization="Bas..." Content-Type="application/json; charset=utf-8" Cookie="ARRAffinity=6fd4f9abf47ac49596ce3a6d8a1fde8f9b930131954ada4e64c68328b6ffcfc8;Path=/;HttpOnly;Secure;Domain=travelbuddy-b2c6hgbbgeh4esdh.scm.eastus2-01.azurewebsites.net; ARRAffinitySameSite=6fd4f9abf47ac49596ce3a6d8a1fde8f9b930131954ada4e64c68328b6ffcfc8;Path=/;HttpOnly;SameSite=None;Secure;Domain=travelbuddy-b2c6hgbbgeh4esdh.scm.eastus2-01.azurewebsites.net" Content-Length="0" X-ARR-LOG-ID="75f002ea-6eab-4a4c-ae79-87cd158d0e64" CLIENT-IP="172.182.213.5:14337" X-SITE-DEPLOYMENT-ID="travelbuddy" WAS-DEFAULT-HOSTNAME="travelbuddy-b2c6hgbbgeh4esdh.scm.eastus2-01.azurewebsites.net" X-Forwarded-Proto="https" X-AppService-Proto="https" X-Forwarded-TlsVersion="1.3" X-WAWS-Unencoded-URL="/api/deployments/latest?deployer=OneDeploy&amp;time=2025-08-13_07-41-39Z" X-Client-IP="172.182.213.5" X-Client-Port="14337" >
  <step title="Cleanup Xml Logs" date="2025-08-13T07:42:02.277" >
    <step title="Cleanup Infos" date="2025-08-13T07:42:02.291" totalFiles="309" totalCleanup="149" /><!-- duration: 7ms -->
  </step><!-- duration: 28ms -->
  <step title="DeploymentService.GetResult" date="2025-08-13T07:42:02.316" >
    <step title="DeploymentService.GetLatestDeployment" date="2025-08-13T07:42:02.322" >
      <step title="DeploymentManager.GetResults" date="2025-08-13T07:42:02.328" /><!-- duration: 481ms -->
    </step><!-- duration: 490ms -->
  </step><!-- duration: 498ms -->
  <step title="Outgoing response" date="2025-08-13T07:42:02.816" type="response" statusCode="202" statusText="Accepted" /><!-- duration: 3ms -->
</step><!-- duration: 564ms -->
