<step title="Incoming Request" date="2025-08-13T11:59:59.636" instance="6fd4f9" url="/api/publish?async=true&amp;deployer=GITHUB_ONE_DEPLOY&amp;type=zip&amp;message=%7B%22type%22%3A%22deployment%22%2C%22sha%22%3A%226b5d8041c615925e5990b817ad95dd1b1d533f71%22%2C%22repoName%22%3A%22deepalweb%2Ftravelbuddy%22%2C%22actor%22%3A%22deepalweb%22%2C%22slotName%22%3A%22production%22%2C%22commitMessage%22%3A%22chore(planner)%3A%20remove%20legacy%20trip%20planner%20modal%20preloads%20to%20enforce%20inline%20flow%22%7D" method="POST" type="request" pid="821,1,72" Host="travelbuddy-b2c6hgbbgeh4esdh.scm.eastus2-01.azurewebsites.net" User-Agent="GITHUBACTIONS_DeployWebAppToAzure_b1f87d90bb83c0ff7e0432d6ceec70194ee9cebfedda360691d391da7dc88767" Authorization="Bas..." Content-Type="application/octet-stream" Cookie="ARRAffinity=6fd4f9abf47ac49596ce3a6d8a1fde8f9b930131954ada4e64c68328b6ffcfc8;Path=/;HttpOnly;Secure;Domain=travelbuddy-b2c6hgbbgeh4esdh.scm.eastus2-01.azurewebsites.net; ARRAffinitySameSite=6fd4f9abf47ac49596ce3a6d8a1fde8f9b930131954ada4e64c68328b6ffcfc8;Path=/;HttpOnly;SameSite=None;Secure;Domain=travelbuddy-b2c6hgbbgeh4esdh.scm.eastus2-01.azurewebsites.net" Transfer-Encoding="chunked" X-ARR-LOG-ID="df623647-ec6c-4dd5-bb89-6965c490c623" CLIENT-IP="52.173.163.38:46017" X-SITE-DEPLOYMENT-ID="travelbuddy" WAS-DEFAULT-HOSTNAME="travelbuddy-b2c6hgbbgeh4esdh.scm.eastus2-01.azurewebsites.net" X-Forwarded-Proto="https" X-AppService-Proto="https" X-Forwarded-TlsVersion="1.3" X-WAWS-Unencoded-URL="/api/publish?async=true&amp;deployer=GITHUB_ONE_DEPLOY&amp;type=zip&amp;message=%7B%22type%22%3A%22deployment%22%2C%22sha%22%3A%226b5d8041c615925e5990b817ad95dd1b1d533f71%22%2C%22repoName%22%3A%22deepalweb%2Ftravelbuddy%22%2C%22actor%22%3A%22deepalweb%22%2C%22slotName%22%3A%22production%22%2C%22commitMessage%22%3A%22chore(planner)%3A%20remove%20legacy%20trip%20planner%20modal%20preloads%20to%20enforce%20inline%20flow%22%7D" X-Client-IP="52.173.163.38" X-Client-Port="46017" >
  <step title="Cleanup Xml Logs" date="2025-08-13T11:59:59.638" >
    <step title="Cleanup Infos" date="2025-08-13T11:59:59.649" totalFiles="430" totalCleanup="270" /><!-- duration: 2ms -->
  </step><!-- duration: 15ms -->
  <step title="OneDeploy" date="2025-08-13T11:59:59.662" >
    <step title="Starting PushDeployAsync" date="2025-08-13T11:59:59.668" /><!-- duration: 2ms -->
    <step title="Removing node_modules symlink" date="2025-08-13T11:59:59.678" >
      <step title="Writing artifact to /tmp/zipdeploy/3af72f2c-26c9-4eae-9e83-ab2e44018af1.zip" date="2025-08-13T11:59:59.693" >
        <step title="Writing multipart request body to /tmp/zipdeploy/3af72f2c-26c9-4eae-9e83-ab2e44018af1.zip" date="2025-08-13T11:59:59.703" /><!-- duration: 2ms -->
      </step><!-- duration: 473ms -->
      <step title="Removing previous build artifact&apos;s manifest file" date="2025-08-13T12:00:00.171" >
        <step title="Start deployment in the background" date="2025-08-13T12:00:00.177" >
          <step title="Acquiring Deployment Lock" date="2025-08-13T12:00:00.183" /><!-- duration: 2ms -->
          <step title="Acquired Deployment Lock" date="2025-08-13T12:00:00.232" /><!-- duration: 2ms -->
        </step><!-- duration: 123ms -->
      </step><!-- duration: 132ms -->
      <step title="Outgoing response" date="2025-08-13T12:00:00.305" type="response" statusCode="202" statusText="Accepted" /><!-- duration: 2ms -->
    </step><!-- duration: 630ms -->
