<step title="Incoming Request" date="2025-08-15T11:54:38.778" instance="6fd4f9" url="/api/deployments/latest?deployer=OneDeploy&amp;time=2025-08-15_11-53-58Z" method="GET" type="request" pid="821,1,30" Host="travelbuddy-b2c6hgbbgeh4esdh.scm.eastus2-01.azurewebsites.net" User-Agent="GITHUBACTIONS_DeployWebAppToAzure_b1f87d90bb83c0ff7e0432d6ceec70194ee9cebfedda360691d391da7dc88767" Authorization="Bas..." Content-Type="application/json; charset=utf-8" Cookie="ARRAffinity=6fd4f9abf47ac49596ce3a6d8a1fde8f9b930131954ada4e64c68328b6ffcfc8;Path=/;HttpOnly;Secure;Domain=travelbuddy-b2c6hgbbgeh4esdh.scm.eastus2-01.azurewebsites.net; ARRAffinitySameSite=6fd4f9abf47ac49596ce3a6d8a1fde8f9b930131954ada4e64c68328b6ffcfc8;Path=/;HttpOnly;SameSite=None;Secure;Domain=travelbuddy-b2c6hgbbgeh4esdh.scm.eastus2-01.azurewebsites.net" Content-Length="0" X-ARR-LOG-ID="cd87e600-da57-4406-9168-1c4c7c66efe2" CLIENT-IP="64.236.169.129:49153" X-SITE-DEPLOYMENT-ID="travelbuddy" WAS-DEFAULT-HOSTNAME="travelbuddy-b2c6hgbbgeh4esdh.scm.eastus2-01.azurewebsites.net" X-Forwarded-Proto="https" X-AppService-Proto="https" X-Forwarded-TlsVersion="1.3" X-WAWS-Unencoded-URL="/api/deployments/latest?deployer=OneDeploy&amp;time=2025-08-15_11-53-58Z" X-Client-IP="64.236.169.129" X-Client-Port="49153" >
  <step title="Cleanup Xml Logs" date="2025-08-15T11:54:38.789" >
    <step title="Cleanup Infos" date="2025-08-15T11:54:38.809" totalFiles="460" totalCleanup="300" /><!-- duration: 3ms -->
  </step><!-- duration: 27ms -->
  <step title="DeploymentService.GetResult" date="2025-08-15T11:54:38.828" >
    <step title="DeploymentService.GetLatestDeployment" date="2025-08-15T11:54:38.829" >
      <step title="DeploymentManager.GetResults" date="2025-08-15T11:54:38.838" /><!-- duration: 447ms -->
    </step><!-- duration: 458ms -->
  </step><!-- duration: 462ms -->
  <step title="Outgoing response" date="2025-08-15T11:54:39.292" type="response" statusCode="202" statusText="Accepted" /><!-- duration: 2ms -->
</step><!-- duration: 519ms -->
