<step title="Incoming Request" date="2025-08-13T06:56:02.713" instance="6fd4f9" url="/api/deployments/latest?deployer=OneDeploy&amp;time=2025-08-13_06-55-45Z" method="GET" type="request" pid="821,1,19" Host="travelbuddy-b2c6hgbbgeh4esdh.scm.eastus2-01.azurewebsites.net" User-Agent="GITHUBACTIONS_DeployWebAppToAzure_b1f87d90bb83c0ff7e0432d6ceec70194ee9cebfedda360691d391da7dc88767" Authorization="Bas..." Content-Type="application/json; charset=utf-8" Cookie="ARRAffinity=6fd4f9abf47ac49596ce3a6d8a1fde8f9b930131954ada4e64c68328b6ffcfc8;Path=/;HttpOnly;Secure;Domain=travelbuddy-b2c6hgbbgeh4esdh.scm.eastus2-01.azurewebsites.net; ARRAffinitySameSite=6fd4f9abf47ac49596ce3a6d8a1fde8f9b930131954ada4e64c68328b6ffcfc8;Path=/;HttpOnly;SameSite=None;Secure;Domain=travelbuddy-b2c6hgbbgeh4esdh.scm.eastus2-01.azurewebsites.net" Content-Length="0" X-ARR-LOG-ID="8068183e-7889-49d5-be39-69adb7ba3b5a" CLIENT-IP="172.174.167.17:16408" X-SITE-DEPLOYMENT-ID="travelbuddy" WAS-DEFAULT-HOSTNAME="travelbuddy-b2c6hgbbgeh4esdh.scm.eastus2-01.azurewebsites.net" X-Forwarded-Proto="https" X-AppService-Proto="https" X-Forwarded-TlsVersion="1.3" X-WAWS-Unencoded-URL="/api/deployments/latest?deployer=OneDeploy&amp;time=2025-08-13_06-55-45Z" X-Client-IP="172.174.167.17" X-Client-Port="16408" >
  <step title="Cleanup Xml Logs" date="2025-08-13T06:56:02.715" >
    <step title="Cleanup Infos" date="2025-08-13T06:56:02.723" totalFiles="261" totalCleanup="101" /><!-- duration: 2ms -->
  </step><!-- duration: 17ms -->
  <step title="DeploymentService.GetResult" date="2025-08-13T06:56:02.746" >
    <step title="DeploymentService.GetLatestDeployment" date="2025-08-13T06:56:02.750" >
      <step title="DeploymentManager.GetResults" date="2025-08-13T06:56:02.752" /><!-- duration: 489ms -->
    </step><!-- duration: 495ms -->
  </step><!-- duration: 502ms -->
  <step title="Outgoing response" date="2025-08-13T06:56:03.254" type="response" statusCode="202" statusText="Accepted" /><!-- duration: 5ms -->
</step><!-- duration: 549ms -->
