<step title="Incoming Request" date="2025-08-13T10:25:15.401" instance="6fd4f9" url="/api/deployments/latest?deployer=OneDeploy&amp;time=2025-08-13_10-23-51Z" method="GET" type="request" pid="821,1,56" Host="travelbuddy-b2c6hgbbgeh4esdh.scm.eastus2-01.azurewebsites.net" User-Agent="GITHUBACTIONS_DeployWebAppToAzure_b1f87d90bb83c0ff7e0432d6ceec70194ee9cebfedda360691d391da7dc88767" Authorization="Bas..." Content-Type="application/json; charset=utf-8" Cookie="ARRAffinity=6fd4f9abf47ac49596ce3a6d8a1fde8f9b930131954ada4e64c68328b6ffcfc8;Path=/;HttpOnly;Secure;Domain=travelbuddy-b2c6hgbbgeh4esdh.scm.eastus2-01.azurewebsites.net; ARRAffinitySameSite=6fd4f9abf47ac49596ce3a6d8a1fde8f9b930131954ada4e64c68328b6ffcfc8;Path=/;HttpOnly;SameSite=None;Secure;Domain=travelbuddy-b2c6hgbbgeh4esdh.scm.eastus2-01.azurewebsites.net" Content-Length="0" X-ARR-LOG-ID="787777e7-f010-4c8d-8927-35486c33044b" CLIENT-IP="135.119.239.134:7217" X-SITE-DEPLOYMENT-ID="travelbuddy" WAS-DEFAULT-HOSTNAME="travelbuddy-b2c6hgbbgeh4esdh.scm.eastus2-01.azurewebsites.net" X-Forwarded-Proto="https" X-AppService-Proto="https" X-Forwarded-TlsVersion="1.3" X-WAWS-Unencoded-URL="/api/deployments/latest?deployer=OneDeploy&amp;time=2025-08-13_10-23-51Z" X-Client-IP="135.119.239.134" X-Client-Port="7217" >
  <step title="Cleanup Xml Logs" date="2025-08-13T10:25:15.405" >
    <step title="Cleanup Infos" date="2025-08-13T10:25:15.417" totalFiles="402" totalCleanup="242" /><!-- duration: 4ms -->
  </step><!-- duration: 19ms -->
  <step title="DeploymentService.GetResult" date="2025-08-13T10:25:15.432" >
    <step title="DeploymentService.GetLatestDeployment" date="2025-08-13T10:25:15.442" >
      <step title="DeploymentManager.GetResults" date="2025-08-13T10:25:15.457" /><!-- duration: 501ms -->
    </step><!-- duration: 519ms -->
  </step><!-- duration: 532ms -->
  <step title="Outgoing response" date="2025-08-13T10:25:15.969" type="response" statusCode="202" statusText="Accepted" /><!-- duration: 2ms -->
</step><!-- duration: 573ms -->
