<step title="BackgroundTrace" date="2025-08-13T05:04:33.965" instance="6fd4f9" url="/api/publish" method="POST" >
  <step title="Creating temporary deployment - FetchDeploymentManager" date="2025-08-13T05:04:34.000" /><!-- duration: 2ms -->
  <step title="Creating temporary deployment" date="2025-08-13T05:04:34.004" /><!-- duration: 33ms -->
  <step title="Performing fetch based deployment" date="2025-08-13T05:04:34.052" >
    <step title="Cleaning up temp folders from previous zip deployments and extracting pushed zip file /tmp/zipdeploy/9a98ee67-7b21-4f10-aa14-f3a03455deed.zip (34.42 MB) to /tmp/zipdeploy/extracted" date="2025-08-13T05:04:35.271" >
      <step title="ChmodRecursive Process exited with total time taken in ms: 89" date="2025-08-13T05:04:37.230" /><!-- duration: 5ms -->
    </step><!-- duration: 1966ms -->
    <step title="Deployment timer started" date="2025-08-13T05:04:39.241" >
      <step title="DeploymentManager.Deploy(id:b9dcfe56-70c8-4777-ac45-b0982143e988)" date="2025-08-13T05:04:39.246" >
        <step title="Collecting changeset information" date="2025-08-13T05:04:39.255" /><!-- duration: 72ms -->
        <step title="Updating submodules" date="2025-08-13T05:04:39.330" /><!-- duration: 1089ms -->
        <step title="Determining deployment builder" date="2025-08-13T05:04:40.849" >
          <step title="Builder is OryxBuilder" date="2025-08-13T05:04:40.855" /><!-- duration: 2ms -->
        </step><!-- duration: 10ms -->
        <step title="PreDeployment: context.CleanOutputPath False" date="2025-08-13T05:04:40.887" >
          <step title="PreDeployment: context.OutputPath /home/site/wwwroot" date="2025-08-13T05:04:40.964" >
            <step title="Building" date="2025-08-13T05:04:41.044" >
              <step title="Executing external process" date="2025-08-13T05:04:41.214" type="process" path="bash" arguments="-c &quot;oryx build /tmp/zipdeploy/extracted -o /home/site/wwwroot --platform nodejs --platform-version 20 -p virtualenv_name= --log-file /tmp/build-debug.log  -i /tmp/8ddda26e8f75b62 -p compress_node_modules=tar-gz | tee /tmp/oryx-build.log ; exit $PIPESTATUS &quot;" /><!-- duration: 80756ms -->
              <step title="Using GenericDeploymentLogParser" date="2025-08-13T05:06:02.187" /><!-- duration: 2ms -->
              <step title="Modified file to trigger a restart of the app container." date="2025-08-13T05:06:02.875" /><!-- duration: 2ms -->
              <step title="Skip function trigger and logicapp sync because function is not enabled." date="2025-08-13T05:06:02.878" /><!-- duration: 6ms -->
            </step><!-- duration: 82546ms -->
          </step><!-- duration: 82632ms -->
          <step title="Cleaning up temp files" date="2025-08-13T05:06:03.597" /><!-- duration: 1027ms -->
          <step title="Cleaning up temp files" date="2025-08-13T05:06:04.628" /><!-- duration: 503ms -->
          <step title="Reloading status file with latest updates" date="2025-08-13T05:06:05.150" >
            <step title="WebHooksManager.PublishEventAsync: PostDeployment" date="2025-08-13T05:06:05.153" /><!-- duration: 22ms -->
          </step><!-- duration: 26ms -->
          <step title="Cleaning up temporary deployment - fetch deployment was successful" date="2025-08-13T05:06:05.179" /><!-- duration: 2ms -->
        </step><!-- duration: 84325ms -->
      </step><!-- duration: 85974ms -->
