<step title="Incoming Request" date="2025-08-13T08:35:53.261" instance="6fd4f9" url="/api/publish?async=true&amp;deployer=GITHUB_ONE_DEPLOY&amp;type=zip&amp;message=%7B%22type%22%3A%22deployment%22%2C%22sha%22%3A%22eb52c3e4346be79aaa536cf3319af8d21cd5f416%22%2C%22repoName%22%3A%22deepalweb%2Ftravelbuddy%22%2C%22actor%22%3A%22deepalweb%22%2C%22slotName%22%3A%22production%22%2C%22commitMessage%22%3A%22feat(admin)%3A%20add%201d%2F7d%2F1mo%2F3mo%20windows%20and%20custom%20date%20range%20to%20API%20Insights%3B%20extend%20timeseries%20API%20with%20since%2Funtil%22%7D" method="POST" type="request" pid="821,1,3" Host="travelbuddy-b2c6hgbbgeh4esdh.scm.eastus2-01.azurewebsites.net" User-Agent="GITHUBACTIONS_DeployWebAppToAzure_b1f87d90bb83c0ff7e0432d6ceec70194ee9cebfedda360691d391da7dc88767" Authorization="Bas..." Content-Type="application/octet-stream" Cookie="ARRAffinity=6fd4f9abf47ac49596ce3a6d8a1fde8f9b930131954ada4e64c68328b6ffcfc8;Path=/;HttpOnly;Secure;Domain=travelbuddy-b2c6hgbbgeh4esdh.scm.eastus2-01.azurewebsites.net; ARRAffinitySameSite=6fd4f9abf47ac49596ce3a6d8a1fde8f9b930131954ada4e64c68328b6ffcfc8;Path=/;HttpOnly;SameSite=None;Secure;Domain=travelbuddy-b2c6hgbbgeh4esdh.scm.eastus2-01.azurewebsites.net" Transfer-Encoding="chunked" X-ARR-LOG-ID="fe7d85da-b125-4e1f-9c5e-142618291898" CLIENT-IP="64.236.131.247:34872" X-SITE-DEPLOYMENT-ID="travelbuddy" WAS-DEFAULT-HOSTNAME="travelbuddy-b2c6hgbbgeh4esdh.scm.eastus2-01.azurewebsites.net" X-Forwarded-Proto="https" X-AppService-Proto="https" X-Forwarded-TlsVersion="1.3" X-WAWS-Unencoded-URL="/api/publish?async=true&amp;deployer=GITHUB_ONE_DEPLOY&amp;type=zip&amp;message=%7B%22type%22%3A%22deployment%22%2C%22sha%22%3A%22eb52c3e4346be79aaa536cf3319af8d21cd5f416%22%2C%22repoName%22%3A%22deepalweb%2Ftravelbuddy%22%2C%22actor%22%3A%22deepalweb%22%2C%22slotName%22%3A%22production%22%2C%22commitMessage%22%3A%22feat(admin)%3A%20add%201d%2F7d%2F1mo%2F3mo%20windows%20and%20custom%20date%20range%20to%20API%20Insights%3B%20extend%20timeseries%20API%20with%20since%2Funtil%22%7D" X-Client-IP="64.236.131.247" X-Client-Port="34872" >
  <step title="Cleanup Xml Logs" date="2025-08-13T08:35:53.263" >
    <step title="Cleanup Infos" date="2025-08-13T08:35:53.270" totalFiles="339" totalCleanup="179" /><!-- duration: 2ms -->
  </step><!-- duration: 11ms -->
  <step title="OneDeploy" date="2025-08-13T08:35:53.279" >
    <step title="Starting PushDeployAsync" date="2025-08-13T08:35:53.286" /><!-- duration: 2ms -->
    <step title="Removing node_modules symlink" date="2025-08-13T08:35:53.296" >
      <step title="Writing artifact to /tmp/zipdeploy/a273dc4c-97a2-45ff-8e72-be5f36378bc6.zip" date="2025-08-13T08:35:53.318" >
        <step title="Writing multipart request body to /tmp/zipdeploy/a273dc4c-97a2-45ff-8e72-be5f36378bc6.zip" date="2025-08-13T08:35:53.320" /><!-- duration: 7ms -->
      </step><!-- duration: 396ms -->
      <step title="Removing previous build artifact&apos;s manifest file" date="2025-08-13T08:35:53.719" >
        <step title="Start deployment in the background" date="2025-08-13T08:35:53.739" >
          <step title="Acquiring Deployment Lock" date="2025-08-13T08:35:53.754" /><!-- duration: 2ms -->
          <step title="Acquired Deployment Lock" date="2025-08-13T08:35:53.774" /><!-- duration: 7ms -->
        </step><!-- duration: 109ms -->
      </step><!-- duration: 131ms -->
      <step title="Outgoing response" date="2025-08-13T08:35:53.853" type="response" statusCode="202" statusText="Accepted" /><!-- duration: 2ms -->
    </step><!-- duration: 560ms -->
