<step title="Incoming Request" date="2025-08-13T10:24:25.004" instance="6fd4f9" url="/api/deployments/latest?deployer=OneDeploy&amp;time=2025-08-13_10-23-51Z" method="GET" type="request" pid="821,1,48" Host="travelbuddy-b2c6hgbbgeh4esdh.scm.eastus2-01.azurewebsites.net" User-Agent="GITHUBACTIONS_DeployWebAppToAzure_b1f87d90bb83c0ff7e0432d6ceec70194ee9cebfedda360691d391da7dc88767" Authorization="Bas..." Content-Type="application/json; charset=utf-8" Cookie="ARRAffinity=6fd4f9abf47ac49596ce3a6d8a1fde8f9b930131954ada4e64c68328b6ffcfc8;Path=/;HttpOnly;Secure;Domain=travelbuddy-b2c6hgbbgeh4esdh.scm.eastus2-01.azurewebsites.net; ARRAffinitySameSite=6fd4f9abf47ac49596ce3a6d8a1fde8f9b930131954ada4e64c68328b6ffcfc8;Path=/;HttpOnly;SameSite=None;Secure;Domain=travelbuddy-b2c6hgbbgeh4esdh.scm.eastus2-01.azurewebsites.net" Content-Length="0" X-ARR-LOG-ID="8bfb2ed7-febf-41bc-b6a7-245f5e431157" CLIENT-IP="135.119.239.134:7216" X-SITE-DEPLOYMENT-ID="travelbuddy" WAS-DEFAULT-HOSTNAME="travelbuddy-b2c6hgbbgeh4esdh.scm.eastus2-01.azurewebsites.net" X-Forwarded-Proto="https" X-AppService-Proto="https" X-Forwarded-TlsVersion="1.3" X-WAWS-Unencoded-URL="/api/deployments/latest?deployer=OneDeploy&amp;time=2025-08-13_10-23-51Z" X-Client-IP="135.119.239.134" X-Client-Port="7216" >
  <step title="Cleanup Xml Logs" date="2025-08-13T10:24:25.008" >
    <step title="Cleanup Infos" date="2025-08-13T10:24:25.017" totalFiles="393" totalCleanup="233" /><!-- duration: 2ms -->
  </step><!-- duration: 14ms -->
  <step title="DeploymentService.GetResult" date="2025-08-13T10:24:25.034" >
    <step title="DeploymentService.GetLatestDeployment" date="2025-08-13T10:24:25.038" >
      <step title="DeploymentManager.GetResults" date="2025-08-13T10:24:25.040" /><!-- duration: 466ms -->
    </step><!-- duration: 501ms -->
  </step><!-- duration: 506ms -->
  <step title="Outgoing response" date="2025-08-13T10:24:25.554" type="response" statusCode="202" statusText="Accepted" /><!-- duration: 16ms -->
</step><!-- duration: 574ms -->
