<step title="Incoming Request" date="2025-08-13T10:57:25.384" instance="6fd4f9" url="/api/deployments/latest?deployer=OneDeploy&amp;time=2025-08-13_10-56-35Z" method="GET" type="request" pid="821,1,22" Host="travelbuddy-b2c6hgbbgeh4esdh.scm.eastus2-01.azurewebsites.net" User-Agent="GITHUBACTIONS_DeployWebAppToAzure_b1f87d90bb83c0ff7e0432d6ceec70194ee9cebfedda360691d391da7dc88767" Authorization="Bas..." Content-Type="application/json; charset=utf-8" Cookie="ARRAffinity=6fd4f9abf47ac49596ce3a6d8a1fde8f9b930131954ada4e64c68328b6ffcfc8;Path=/;HttpOnly;Secure;Domain=travelbuddy-b2c6hgbbgeh4esdh.scm.eastus2-01.azurewebsites.net; ARRAffinitySameSite=6fd4f9abf47ac49596ce3a6d8a1fde8f9b930131954ada4e64c68328b6ffcfc8;Path=/;HttpOnly;SameSite=None;Secure;Domain=travelbuddy-b2c6hgbbgeh4esdh.scm.eastus2-01.azurewebsites.net" Content-Length="0" X-ARR-LOG-ID="a59c7f1d-9ce3-4c92-9141-58ef9cedd877" CLIENT-IP="145.132.99.131:37920" X-SITE-DEPLOYMENT-ID="travelbuddy" WAS-DEFAULT-HOSTNAME="travelbuddy-b2c6hgbbgeh4esdh.scm.eastus2-01.azurewebsites.net" X-Forwarded-Proto="https" X-AppService-Proto="https" X-Forwarded-TlsVersion="1.3" X-WAWS-Unencoded-URL="/api/deployments/latest?deployer=OneDeploy&amp;time=2025-08-13_10-56-35Z" X-Client-IP="145.132.99.131" X-Client-Port="37920" >
  <step title="Cleanup Xml Logs" date="2025-08-13T10:57:25.387" >
    <step title="Cleanup Infos" date="2025-08-13T10:57:25.396" totalFiles="419" totalCleanup="259" /><!-- duration: 3ms -->
  </step><!-- duration: 13ms -->
  <step title="DeploymentService.GetResult" date="2025-08-13T10:57:25.406" >
    <step title="DeploymentService.GetLatestDeployment" date="2025-08-13T10:57:25.408" >
      <step title="DeploymentManager.GetResults" date="2025-08-13T10:57:25.410" /><!-- duration: 389ms -->
    </step><!-- duration: 393ms -->
  </step><!-- duration: 398ms -->
  <step title="Outgoing response" date="2025-08-13T10:57:25.806" type="response" statusCode="202" statusText="Accepted" /><!-- duration: 3ms -->
</step><!-- duration: 426ms -->
