<step title="BackgroundTrace" date="2025-08-13T10:06:28.723" instance="6fd4f9" url="/api/publish" method="POST" >
  <step title="Creating temporary deployment - FetchDeploymentManager" date="2025-08-13T10:06:28.776" /><!-- duration: 2ms -->
  <step title="Creating temporary deployment" date="2025-08-13T10:06:28.780" /><!-- duration: 66ms -->
  <step title="Performing fetch based deployment" date="2025-08-13T10:06:28.863" >
    <step title="Cleaning up temp folders from previous zip deployments and extracting pushed zip file /tmp/zipdeploy/fafda448-4234-4512-ac4c-c16bb31851d6.zip (34.49 MB) to /tmp/zipdeploy/extracted" date="2025-08-13T10:06:29.982" >
      <step title="ChmodRecursive Process exited with total time taken in ms: 88" date="2025-08-13T10:06:32.093" /><!-- duration: 14ms -->
    </step><!-- duration: 2127ms -->
    <step title="Deployment timer started" date="2025-08-13T10:06:34.115" >
      <step title="DeploymentManager.Deploy(id:766140a2-22a8-4658-9a1f-f3a9033926fa)" date="2025-08-13T10:06:34.132" >
        <step title="Collecting changeset information" date="2025-08-13T10:06:34.150" /><!-- duration: 132ms -->
        <step title="Updating submodules" date="2025-08-13T10:06:34.286" /><!-- duration: 1078ms -->
        <step title="Determining deployment builder" date="2025-08-13T10:06:35.548" >
          <step title="Builder is OryxBuilder" date="2025-08-13T10:06:35.574" /><!-- duration: 2ms -->
        </step><!-- duration: 32ms -->
        <step title="PreDeployment: context.CleanOutputPath False" date="2025-08-13T10:06:35.607" >
          <step title="PreDeployment: context.OutputPath /home/site/wwwroot" date="2025-08-13T10:06:35.708" >
            <step title="Building" date="2025-08-13T10:06:35.828" >
              <step title="Executing external process" date="2025-08-13T10:06:36.054" type="process" path="bash" arguments="-c &quot;oryx build /tmp/zipdeploy/extracted -o /home/site/wwwroot --platform nodejs --platform-version 20 -p virtualenv_name= --log-file /tmp/build-debug.log  -i /tmp/8ddda51162e4713 -p compress_node_modules=tar-gz | tee /tmp/oryx-build.log ; exit $PIPESTATUS &quot;" /><!-- duration: 91365ms -->
              <step title="Using GenericDeploymentLogParser" date="2025-08-13T10:08:07.697" /><!-- duration: 8ms -->
              <step title="Modified file to trigger a restart of the app container." date="2025-08-13T10:08:08.622" /><!-- duration: 4ms -->
              <step title="Skip function trigger and logicapp sync because function is not enabled." date="2025-08-13T10:08:08.628" /><!-- duration: 3ms -->
              <step title="Purge deployment items" date="2025-08-13T10:08:09.523" >
                <step title="Remove 3546ad01-, Success, received at 08/12/2025 11:48:29" date="2025-08-13T10:08:09.567" /><!-- duration: 2ms -->
              </step><!-- duration: 47ms -->
            </step><!-- duration: 93822ms -->
          </step><!-- duration: 93949ms -->
          <step title="Cleaning up temp files" date="2025-08-13T10:08:09.659" /><!-- duration: 1007ms -->
          <step title="Cleaning up temp files" date="2025-08-13T10:08:10.671" /><!-- duration: 505ms -->
          <step title="Reloading status file with latest updates" date="2025-08-13T10:08:11.231" >
            <step title="WebHooksManager.PublishEventAsync: PostDeployment" date="2025-08-13T10:08:11.240" /><!-- duration: 24ms -->
          </step><!-- duration: 35ms -->
          <step title="Cleaning up temporary deployment - fetch deployment was successful" date="2025-08-13T10:08:11.270" /><!-- duration: 2ms -->
        </step><!-- duration: 95705ms -->
      </step><!-- duration: 97190ms -->
