<step title="Incoming Request" date="2025-08-12T11:16:19.571" instance="6fd4f9" url="/api/publish?async=true&amp;deployer=GITHUB_ONE_DEPLOY&amp;type=zip&amp;message=%7B%22type%22%3A%22deployment%22%2C%22sha%22%3A%2272f509bd6f61b4be557e682c0cf4f4b09c183231%22%2C%22repoName%22%3A%22deepalweb%2Ftravelbuddy%22%2C%22actor%22%3A%22deepalweb%22%2C%22slotName%22%3A%22production%22%2C%22commitMessage%22%3A%22Merge%20reconnect%2Fauth-check%20into%20main%3A%20replace%20legacy%20workflow%20with%20deploy-azure.yml%20(publish%20profile%2C%20Linux)%22%7D" method="POST" type="request" pid="820,1,31" Host="travelbuddy-b2c6hgbbgeh4esdh.scm.eastus2-01.azurewebsites.net" User-Agent="GITHUBACTIONS_DeployWebAppToAzure_b1f87d90bb83c0ff7e0432d6ceec70194ee9cebfedda360691d391da7dc88767" Authorization="Bas..." Content-Type="application/octet-stream" Cookie="ARRAffinity=6fd4f9abf47ac49596ce3a6d8a1fde8f9b930131954ada4e64c68328b6ffcfc8;Path=/;HttpOnly;Secure;Domain=travelbuddy-b2c6hgbbgeh4esdh.scm.eastus2-01.azurewebsites.net; ARRAffinitySameSite=6fd4f9abf47ac49596ce3a6d8a1fde8f9b930131954ada4e64c68328b6ffcfc8;Path=/;HttpOnly;SameSite=None;Secure;Domain=travelbuddy-b2c6hgbbgeh4esdh.scm.eastus2-01.azurewebsites.net" Transfer-Encoding="chunked" X-ARR-LOG-ID="7ae60e92-0acc-4e8e-892b-fca432c1490e" CLIENT-IP="20.94.54.86:33792" X-SITE-DEPLOYMENT-ID="travelbuddy" WAS-DEFAULT-HOSTNAME="travelbuddy-b2c6hgbbgeh4esdh.scm.eastus2-01.azurewebsites.net" X-Forwarded-Proto="https" X-AppService-Proto="https" X-Forwarded-TlsVersion="1.3" X-WAWS-Unencoded-URL="/api/publish?async=true&amp;deployer=GITHUB_ONE_DEPLOY&amp;type=zip&amp;message=%7B%22type%22%3A%22deployment%22%2C%22sha%22%3A%2272f509bd6f61b4be557e682c0cf4f4b09c183231%22%2C%22repoName%22%3A%22deepalweb%2Ftravelbuddy%22%2C%22actor%22%3A%22deepalweb%22%2C%22slotName%22%3A%22production%22%2C%22commitMessage%22%3A%22Merge%20reconnect%2Fauth-check%20into%20main%3A%20replace%20legacy%20workflow%20with%20deploy-azure.yml%20(publish%20profile%2C%20Linux)%22%7D" X-Client-IP="20.94.54.86" X-Client-Port="33792" >
  <step title="OneDeploy" date="2025-08-12T11:16:19.578" >
    <step title="Starting PushDeployAsync" date="2025-08-12T11:16:19.583" /><!-- duration: 2ms -->
    <step title="Writing artifact to /tmp/zipdeploy/9243fb3c-b75f-4d65-aad9-7a8b2c881dc7.zip" date="2025-08-12T11:16:19.592" >
      <step title="Writing multipart request body to /tmp/zipdeploy/9243fb3c-b75f-4d65-aad9-7a8b2c881dc7.zip" date="2025-08-12T11:16:19.594" /><!-- duration: 2ms -->
    </step><!-- duration: 10ms -->
    <step title="Start deployment in the background" date="2025-08-12T11:16:19.607" >
      <step title="Acquiring Deployment Lock" date="2025-08-12T11:16:19.612" /><!-- duration: 2ms -->
      <step title="Acquired Deployment Lock" date="2025-08-12T11:16:19.640" /><!-- duration: 2ms -->
    </step><!-- duration: 108ms -->
  </step><!-- duration: 140ms -->
  <step title="Outgoing response" date="2025-08-12T11:16:19.720" type="response" statusCode="202" statusText="Accepted" /><!-- duration: 2ms -->
</step><!-- duration: 153ms -->
