<step title="BackgroundTrace" date="2025-08-13T07:22:15.058" instance="6fd4f9" url="/api/publish" method="POST" >
  <step title="Creating temporary deployment - FetchDeploymentManager" date="2025-08-13T07:22:15.104" /><!-- duration: 2ms -->
  <step title="Creating temporary deployment" date="2025-08-13T07:22:15.108" /><!-- duration: 44ms -->
  <step title="Performing fetch based deployment" date="2025-08-13T07:22:15.167" >
    <step title="Cleaning up temp folders from previous zip deployments and extracting pushed zip file /tmp/zipdeploy/9334d65c-16ac-41eb-a147-73e33feb9547.zip (34.47 MB) to /tmp/zipdeploy/extracted" date="2025-08-13T07:22:16.303" >
      <step title="ChmodRecursive Process exited with total time taken in ms: 86" date="2025-08-13T07:22:18.283" /><!-- duration: 5ms -->
    </step><!-- duration: 1989ms -->
    <step title="Deployment timer started" date="2025-08-13T07:22:20.298" >
      <step title="DeploymentManager.Deploy(id:485b8524-58da-484a-af21-9eac7c166046)" date="2025-08-13T07:22:20.306" >
        <step title="Collecting changeset information" date="2025-08-13T07:22:20.332" /><!-- duration: 72ms -->
        <step title="Updating submodules" date="2025-08-13T07:22:20.408" /><!-- duration: 1129ms -->
        <step title="Determining deployment builder" date="2025-08-13T07:22:21.758" >
          <step title="Builder is OryxBuilder" date="2025-08-13T07:22:21.778" /><!-- duration: 2ms -->
        </step><!-- duration: 25ms -->
        <step title="PreDeployment: context.CleanOutputPath False" date="2025-08-13T07:22:21.814" >
          <step title="PreDeployment: context.OutputPath /home/site/wwwroot" date="2025-08-13T07:22:21.907" >
            <step title="Building" date="2025-08-13T07:22:22.022" >
              <step title="Executing external process" date="2025-08-13T07:22:22.236" type="process" path="bash" arguments="-c &quot;oryx build /tmp/zipdeploy/extracted -o /home/site/wwwroot --platform nodejs --platform-version 20 -p virtualenv_name= --log-file /tmp/build-debug.log  -i /tmp/8ddda3a24dc9437 -p compress_node_modules=tar-gz | tee /tmp/oryx-build.log ; exit $PIPESTATUS &quot;" /><!-- duration: 88165ms -->
              <step title="Using GenericDeploymentLogParser" date="2025-08-13T07:23:50.676" /><!-- duration: 2ms -->
              <step title="Modified file to trigger a restart of the app container." date="2025-08-13T07:23:51.527" /><!-- duration: 4ms -->
              <step title="Skip function trigger and logicapp sync because function is not enabled." date="2025-08-13T07:23:51.533" /><!-- duration: 2ms -->
              <step title="Purge deployment items" date="2025-08-13T07:23:52.345" >
                <step title="Remove 87763bd2-, Success, received at 08/12/2025 11:27:55" date="2025-08-13T07:23:52.391" /><!-- duration: 3ms -->
              </step><!-- duration: 51ms -->
            </step><!-- duration: 90433ms -->
          </step><!-- duration: 90553ms -->
          <step title="Cleaning up temp files" date="2025-08-13T07:23:52.461" /><!-- duration: 962ms -->
          <step title="Cleaning up temp files" date="2025-08-13T07:23:53.427" /><!-- duration: 514ms -->
          <step title="Reloading status file with latest updates" date="2025-08-13T07:23:53.990" >
            <step title="WebHooksManager.PublishEventAsync: PostDeployment" date="2025-08-13T07:23:53.994" /><!-- duration: 77ms -->
          </step><!-- duration: 83ms -->
          <step title="Cleaning up temporary deployment - fetch deployment was successful" date="2025-08-13T07:23:54.079" /><!-- duration: 3ms -->
        </step><!-- duration: 92348ms -->
      </step><!-- duration: 93868ms -->
