<step title="BackgroundTrace" date="2025-08-12T09:55:00.874" instance="6fd4f9" url="/api/publish" method="POST" >
  <step title="Creating temporary deployment - FetchDeploymentManager" date="2025-08-12T09:55:00.941" /><!-- duration: 2ms -->
  <step title="Creating temporary deployment" date="2025-08-12T09:55:00.946" /><!-- duration: 237ms -->
  <step title="Performing fetch based deployment" date="2025-08-12T09:55:01.226" >
    <step title="Cleaning up temp folders from previous zip deployments and extracting pushed zip file /tmp/zipdeploy/0024089f-eca4-418f-9b0d-1b182a7f28ee.zip (82.15 MB) to /tmp/zipdeploy/extracted" date="2025-08-12T09:55:02.475" >
      <step title="ChmodRecursive Process exited with total time taken in ms: 215" date="2025-08-12T09:55:06.853" /><!-- duration: 8ms -->
    </step><!-- duration: 4390ms -->
    <step title="Deployment timer started" date="2025-08-12T09:55:08.875" >
      <step title="DeploymentManager.Deploy(id:b601cfe8-11bc-4edd-b9be-6cc2feba5caf)" date="2025-08-12T09:55:08.894" >
        <step title="Collecting changeset information" date="2025-08-12T09:55:08.902" /><!-- duration: 73ms -->
        <step title="Updating submodules" date="2025-08-12T09:55:08.979" /><!-- duration: 1090ms -->
        <step title="Determining deployment builder" date="2025-08-12T09:55:10.242" >
          <step title="Builder is OneDeployBuilder" date="2025-08-12T09:55:10.250" /><!-- duration: 2ms -->
        </step><!-- duration: 14ms -->
        <step title="PreDeployment: context.CleanOutputPath False" date="2025-08-12T09:55:10.284" >
          <step title="PreDeployment: context.OutputPath /home/site/wwwroot" date="2025-08-12T09:55:10.357" >
            <step title="Building" date="2025-08-12T09:55:10.458" >
              <step title="Executing external process" date="2025-08-12T09:55:10.887" type="process" path="starter.sh" arguments="/opt/Kudu/Scripts/absoluteTar.sh /tmp/zipdeploy/extracted/node_modules /tmp/zipdeploy/extracted/node_modules.tar.gz" /><!-- duration: 11244ms -->
              <step title="Executing external process" date="2025-08-12T09:55:22.300" type="process" path="starter.sh" arguments="/opt/Kudu/Scripts/parallel_rsync.sh /tmp/zipdeploy/extracted /home/site/wwwroot 8 /tmp/ False False node_modules " /><!-- duration: 3717ms -->
              <step title="Modified file to trigger a restart of the app container." date="2025-08-12T09:55:26.609" /><!-- duration: 2ms -->
              <step title="Skip function trigger and logicapp sync because function is not enabled." date="2025-08-12T09:55:26.614" /><!-- duration: 2ms -->
            </step><!-- duration: 16662ms -->
          </step><!-- duration: 16771ms -->
          <step title="Cleaning up temp files" date="2025-08-12T09:55:27.130" /><!-- duration: 3ms -->
          <step title="Cleaning up temp files" date="2025-08-12T09:55:27.135" /><!-- duration: 503ms -->
          <step title="Reloading status file with latest updates" date="2025-08-12T09:55:27.662" >
            <step title="WebHooksManager.PublishEventAsync: PostDeployment" date="2025-08-12T09:55:27.666" /><!-- duration: 29ms -->
          </step><!-- duration: 34ms -->
          <step title="Cleaning up temporary deployment - fetch deployment was successful" date="2025-08-12T09:55:27.700" /><!-- duration: 2ms -->
        </step><!-- duration: 17472ms -->
      </step><!-- duration: 18871ms -->
