<step title="Incoming Request" date="2025-08-13T07:41:50.660" instance="6fd4f9" url="/api/deployments/latest?deployer=OneDeploy&amp;time=2025-08-13_07-41-39Z" method="GET" type="request" pid="821,1,7" Host="travelbuddy-b2c6hgbbgeh4esdh.scm.eastus2-01.azurewebsites.net" User-Agent="GITHUBACTIONS_DeployWebAppToAzure_b1f87d90bb83c0ff7e0432d6ceec70194ee9cebfedda360691d391da7dc88767" Authorization="Bas..." Content-Type="application/json; charset=utf-8" Cookie="ARRAffinity=6fd4f9abf47ac49596ce3a6d8a1fde8f9b930131954ada4e64c68328b6ffcfc8;Path=/;HttpOnly;Secure;Domain=travelbuddy-b2c6hgbbgeh4esdh.scm.eastus2-01.azurewebsites.net; ARRAffinitySameSite=6fd4f9abf47ac49596ce3a6d8a1fde8f9b930131954ada4e64c68328b6ffcfc8;Path=/;HttpOnly;SameSite=None;Secure;Domain=travelbuddy-b2c6hgbbgeh4esdh.scm.eastus2-01.azurewebsites.net" Content-Length="0" X-ARR-LOG-ID="3e9ed0cf-6464-4206-8068-e1eb16474564" CLIENT-IP="172.182.213.5:14338" X-SITE-DEPLOYMENT-ID="travelbuddy" WAS-DEFAULT-HOSTNAME="travelbuddy-b2c6hgbbgeh4esdh.scm.eastus2-01.azurewebsites.net" X-Forwarded-Proto="https" X-AppService-Proto="https" X-Forwarded-TlsVersion="1.3" X-WAWS-Unencoded-URL="/api/deployments/latest?deployer=OneDeploy&amp;time=2025-08-13_07-41-39Z" X-Client-IP="172.182.213.5" X-Client-Port="14338" >
  <step title="Cleanup Xml Logs" date="2025-08-13T07:41:50.663" >
    <step title="Cleanup Infos" date="2025-08-13T07:41:50.670" totalFiles="307" totalCleanup="147" /><!-- duration: 2ms -->
  </step><!-- duration: 12ms -->
  <step title="DeploymentService.GetResult" date="2025-08-13T07:41:50.680" >
    <step title="DeploymentService.GetLatestDeployment" date="2025-08-13T07:41:50.682" >
      <step title="DeploymentManager.GetResults" date="2025-08-13T07:41:50.684" /><!-- duration: 461ms -->
    </step><!-- duration: 468ms -->
  </step><!-- duration: 472ms -->
  <step title="Outgoing response" date="2025-08-13T07:41:51.168" type="response" statusCode="202" statusText="Accepted" /><!-- duration: 3ms -->
</step><!-- duration: 513ms -->
