<step title="Incoming Request" date="2025-08-13T07:41:38.047" instance="6fd4f9" url="/api/publish?async=true&amp;deployer=GITHUB_ONE_DEPLOY&amp;type=zip&amp;message=%7B%22type%22%3A%22deployment%22%2C%22sha%22%3A%22a2572bba8987c80a6e9ad72dadb5fec27b0ef7da%22%2C%22repoName%22%3A%22deepalweb%2Ftravelbuddy%22%2C%22actor%22%3A%22deepalweb%22%2C%22slotName%22%3A%22production%22%2C%22commitMessage%22%3A%22feat(analytics)%3A%20add%20API%20insights%20page%3B%20persist%20usage%20events%3B%20add%20daily%2Fmonthly%20aggregates%20and%20window%20stats%22%7D" method="POST" type="request" pid="821,1,22" Host="travelbuddy-b2c6hgbbgeh4esdh.scm.eastus2-01.azurewebsites.net" User-Agent="GITHUBACTIONS_DeployWebAppToAzure_b1f87d90bb83c0ff7e0432d6ceec70194ee9cebfedda360691d391da7dc88767" Authorization="Bas..." Content-Type="application/octet-stream" Cookie="ARRAffinity=6fd4f9abf47ac49596ce3a6d8a1fde8f9b930131954ada4e64c68328b6ffcfc8;Path=/;HttpOnly;Secure;Domain=travelbuddy-b2c6hgbbgeh4esdh.scm.eastus2-01.azurewebsites.net; ARRAffinitySameSite=6fd4f9abf47ac49596ce3a6d8a1fde8f9b930131954ada4e64c68328b6ffcfc8;Path=/;HttpOnly;SameSite=None;Secure;Domain=travelbuddy-b2c6hgbbgeh4esdh.scm.eastus2-01.azurewebsites.net" Transfer-Encoding="chunked" X-ARR-LOG-ID="d4814a96-9652-4525-a415-2242c912af1a" CLIENT-IP="172.182.213.5:14337" X-SITE-DEPLOYMENT-ID="travelbuddy" WAS-DEFAULT-HOSTNAME="travelbuddy-b2c6hgbbgeh4esdh.scm.eastus2-01.azurewebsites.net" X-Forwarded-Proto="https" X-AppService-Proto="https" X-Forwarded-TlsVersion="1.3" X-WAWS-Unencoded-URL="/api/publish?async=true&amp;deployer=GITHUB_ONE_DEPLOY&amp;type=zip&amp;message=%7B%22type%22%3A%22deployment%22%2C%22sha%22%3A%22a2572bba8987c80a6e9ad72dadb5fec27b0ef7da%22%2C%22repoName%22%3A%22deepalweb%2Ftravelbuddy%22%2C%22actor%22%3A%22deepalweb%22%2C%22slotName%22%3A%22production%22%2C%22commitMessage%22%3A%22feat(analytics)%3A%20add%20API%20insights%20page%3B%20persist%20usage%20events%3B%20add%20daily%2Fmonthly%20aggregates%20and%20window%20stats%22%7D" X-Client-IP="172.182.213.5" X-Client-Port="14337" >
  <step title="Cleanup Xml Logs" date="2025-08-13T07:41:38.049" >
    <step title="Cleanup Infos" date="2025-08-13T07:41:38.057" totalFiles="303" totalCleanup="143" /><!-- duration: 5ms -->
  </step><!-- duration: 15ms -->
  <step title="OneDeploy" date="2025-08-13T07:41:38.071" >
    <step title="Starting PushDeployAsync" date="2025-08-13T07:41:38.077" /><!-- duration: 2ms -->
    <step title="Removing node_modules symlink" date="2025-08-13T07:41:38.087" >
      <step title="Writing artifact to /tmp/zipdeploy/a4f9f898-7ca5-4c63-958e-4dd77754a9b7.zip" date="2025-08-13T07:41:38.104" >
        <step title="Writing multipart request body to /tmp/zipdeploy/a4f9f898-7ca5-4c63-958e-4dd77754a9b7.zip" date="2025-08-13T07:41:38.106" /><!-- duration: 17ms -->
      </step><!-- duration: 812ms -->
      <step title="Removing previous build artifact&apos;s manifest file" date="2025-08-13T07:41:38.922" >
        <step title="Start deployment in the background" date="2025-08-13T07:41:38.929" >
          <step title="Acquiring Deployment Lock" date="2025-08-13T07:41:38.938" /><!-- duration: 2ms -->
          <step title="Acquired Deployment Lock" date="2025-08-13T07:41:38.960" /><!-- duration: 4ms -->
        </step><!-- duration: 77ms -->
      </step><!-- duration: 86ms -->
      <step title="Outgoing response" date="2025-08-13T07:41:39.011" type="response" statusCode="202" statusText="Accepted" /><!-- duration: 3ms -->
    </step><!-- duration: 930ms -->
