<step title="Incoming Request" date="2025-08-13T08:13:59.393" instance="6fd4f9" url="/api/deployments/latest?deployer=OneDeploy&amp;time=2025-08-13_08-13-42Z" method="GET" type="request" pid="821,1,18" Host="travelbuddy-b2c6hgbbgeh4esdh.scm.eastus2-01.azurewebsites.net" User-Agent="GITHUBACTIONS_DeployWebAppToAzure_b1f87d90bb83c0ff7e0432d6ceec70194ee9cebfedda360691d391da7dc88767" Authorization="Bas..." Content-Type="application/json; charset=utf-8" Cookie="ARRAffinity=6fd4f9abf47ac49596ce3a6d8a1fde8f9b930131954ada4e64c68328b6ffcfc8;Path=/;HttpOnly;Secure;Domain=travelbuddy-b2c6hgbbgeh4esdh.scm.eastus2-01.azurewebsites.net; ARRAffinitySameSite=6fd4f9abf47ac49596ce3a6d8a1fde8f9b930131954ada4e64c68328b6ffcfc8;Path=/;HttpOnly;SameSite=None;Secure;Domain=travelbuddy-b2c6hgbbgeh4esdh.scm.eastus2-01.azurewebsites.net" Content-Length="0" X-ARR-LOG-ID="2a86f4bb-bb33-42d1-8d83-3884215be9d0" CLIENT-IP="172.178.119.22:46081" X-SITE-DEPLOYMENT-ID="travelbuddy" WAS-DEFAULT-HOSTNAME="travelbuddy-b2c6hgbbgeh4esdh.scm.eastus2-01.azurewebsites.net" X-Forwarded-Proto="https" X-AppService-Proto="https" X-Forwarded-TlsVersion="1.3" X-WAWS-Unencoded-URL="/api/deployments/latest?deployer=OneDeploy&amp;time=2025-08-13_08-13-42Z" X-Client-IP="172.178.119.22" X-Client-Port="46081" >
  <step title="Cleanup Xml Logs" date="2025-08-13T08:13:59.396" >
    <step title="Cleanup Infos" date="2025-08-13T08:13:59.404" totalFiles="322" totalCleanup="162" /><!-- duration: 2ms -->
  </step><!-- duration: 13ms -->
  <step title="DeploymentService.GetResult" date="2025-08-13T08:13:59.414" >
    <step title="DeploymentService.GetLatestDeployment" date="2025-08-13T08:13:59.416" >
      <step title="DeploymentManager.GetResults" date="2025-08-13T08:13:59.418" /><!-- duration: 485ms -->
    </step><!-- duration: 495ms -->
  </step><!-- duration: 499ms -->
  <step title="Outgoing response" date="2025-08-13T08:13:59.916" type="response" statusCode="202" statusText="Accepted" /><!-- duration: 3ms -->
</step><!-- duration: 529ms -->
