<step title="BackgroundTrace" date="2025-08-12T11:27:51.703" instance="6fd4f9" url="/api/publish" method="POST" >
  <step title="Creating temporary deployment - FetchDeploymentManager" date="2025-08-12T11:27:51.743" /><!-- duration: 2ms -->
  <step title="Creating temporary deployment" date="2025-08-12T11:27:51.746" /><!-- duration: 54ms -->
  <step title="Performing fetch based deployment" date="2025-08-12T11:27:51.821" >
    <step title="Cleaning up temp folders from previous zip deployments and extracting pushed zip file /tmp/zipdeploy/7838e807-05b9-4d47-a795-66873f6a9298.zip (1.09 MB) to /tmp/zipdeploy/extracted" date="2025-08-12T11:27:52.950" >
      <step title="ChmodRecursive Process exited with total time taken in ms: 13" date="2025-08-12T11:27:53.030" /><!-- duration: 3ms -->
    </step><!-- duration: 84ms -->
    <step title="Deployment timer started" date="2025-08-12T11:27:55.043" >
      <step title="DeploymentManager.Deploy(id:87763bd2-e4bd-40a8-bc10-31e6d88008a3)" date="2025-08-12T11:27:55.049" >
        <step title="Collecting changeset information" date="2025-08-12T11:27:55.057" /><!-- duration: 73ms -->
        <step title="Updating submodules" date="2025-08-12T11:27:55.134" /><!-- duration: 1107ms -->
        <step title="Determining deployment builder" date="2025-08-12T11:27:56.376" >
          <step title="Builder is OryxBuilder" date="2025-08-12T11:27:56.383" /><!-- duration: 2ms -->
        </step><!-- duration: 10ms -->
        <step title="PreDeployment: context.CleanOutputPath False" date="2025-08-12T11:27:56.417" >
          <step title="PreDeployment: context.OutputPath /home/site/wwwroot" date="2025-08-12T11:27:56.496" >
            <step title="Building" date="2025-08-12T11:27:56.583" >
              <step title="Executing external process" date="2025-08-12T11:27:56.751" type="process" path="bash" arguments="-c &quot;oryx build /tmp/zipdeploy/extracted -o /home/site/wwwroot --platform nodejs --platform-version 20 -p virtualenv_name= --log-file /tmp/build-debug.log  -i /tmp/8ddd99348f47a08 -p compress_node_modules=tar-gz | tee /tmp/oryx-build.log ; exit $PIPESTATUS &quot;" /><!-- duration: 47507ms -->
              <step title="Using GenericDeploymentLogParser" date="2025-08-12T11:28:44.467" /><!-- duration: 2ms -->
              <step title="Modified file to trigger a restart of the app container." date="2025-08-12T11:28:45.215" /><!-- duration: 4ms -->
              <step title="Skip function trigger and logicapp sync because function is not enabled." date="2025-08-12T11:28:45.222" /><!-- duration: 2ms -->
            </step><!-- duration: 49226ms -->
          </step><!-- duration: 49318ms -->
          <step title="Cleaning up temp files" date="2025-08-12T11:28:45.816" /><!-- duration: 651ms -->
          <step title="Cleaning up temp files" date="2025-08-12T11:28:46.470" /><!-- duration: 504ms -->
          <step title="Reloading status file with latest updates" date="2025-08-12T11:28:46.997" >
            <step title="WebHooksManager.PublishEventAsync: PostDeployment" date="2025-08-12T11:28:47.000" /><!-- duration: 18ms -->
          </step><!-- duration: 23ms -->
          <step title="Cleaning up temporary deployment - fetch deployment was successful" date="2025-08-12T11:28:47.023" /><!-- duration: 2ms -->
        </step><!-- duration: 50642ms -->
      </step><!-- duration: 52023ms -->
