<step title="BackgroundTrace" date="2025-08-12T11:48:24.565" instance="6fd4f9" url="/api/publish" method="POST" >
  <step title="Creating temporary deployment - FetchDeploymentManager" date="2025-08-12T11:48:24.596" /><!-- duration: 2ms -->
  <step title="Creating temporary deployment" date="2025-08-12T11:48:24.600" /><!-- duration: 52ms -->
  <step title="Performing fetch based deployment" date="2025-08-12T11:48:24.666" >
    <step title="Cleaning up temp folders from previous zip deployments and extracting pushed zip file /tmp/zipdeploy/787d207f-db55-4234-8404-97a39ef7b02c.zip (34.41 MB) to /tmp/zipdeploy/extracted" date="2025-08-12T11:48:25.797" >
      <step title="ChmodRecursive Process exited with total time taken in ms: 89" date="2025-08-12T11:48:27.909" /><!-- duration: 3ms -->
    </step><!-- duration: 2116ms -->
    <step title="Deployment timer started" date="2025-08-12T11:48:29.918" >
      <step title="DeploymentManager.Deploy(id:3546ad01-bc66-46c3-9d68-0999b399f00e)" date="2025-08-12T11:48:29.924" >
        <step title="Collecting changeset information" date="2025-08-12T11:48:29.933" /><!-- duration: 53ms -->
        <step title="Updating submodules" date="2025-08-12T11:48:29.991" /><!-- duration: 1066ms -->
        <step title="Determining deployment builder" date="2025-08-12T11:48:31.183" >
          <step title="Builder is OryxBuilder" date="2025-08-12T11:48:31.189" /><!-- duration: 2ms -->
        </step><!-- duration: 10ms -->
        <step title="PreDeployment: context.CleanOutputPath False" date="2025-08-12T11:48:31.241" >
          <step title="PreDeployment: context.OutputPath /home/site/wwwroot" date="2025-08-12T11:48:31.315" >
            <step title="Building" date="2025-08-12T11:48:31.419" >
              <step title="Executing external process" date="2025-08-12T11:48:31.569" type="process" path="bash" arguments="-c &quot;oryx build /tmp/zipdeploy/extracted -o /home/site/wwwroot --platform nodejs --platform-version 20 -p virtualenv_name= --log-file /tmp/build-debug.log  -i /tmp/8ddd99628f52f5e -p compress_node_modules=tar-gz | tee /tmp/oryx-build.log ; exit $PIPESTATUS &quot;" /><!-- duration: 74474ms -->
              <step title="Using GenericDeploymentLogParser" date="2025-08-12T11:49:46.260" /><!-- duration: 2ms -->
              <step title="Modified file to trigger a restart of the app container." date="2025-08-12T11:49:47.040" /><!-- duration: 2ms -->
              <step title="Skip function trigger and logicapp sync because function is not enabled." date="2025-08-12T11:49:47.045" /><!-- duration: 2ms -->
            </step><!-- duration: 76240ms -->
          </step><!-- duration: 76349ms -->
          <step title="Cleaning up temp files" date="2025-08-12T11:49:47.665" /><!-- duration: 866ms -->
          <step title="Cleaning up temp files" date="2025-08-12T11:49:48.538" /><!-- duration: 505ms -->
          <step title="Reloading status file with latest updates" date="2025-08-12T11:49:49.077" >
            <step title="WebHooksManager.PublishEventAsync: PostDeployment" date="2025-08-12T11:49:49.081" /><!-- duration: 19ms -->
          </step><!-- duration: 24ms -->
          <step title="Cleaning up temporary deployment - fetch deployment was successful" date="2025-08-12T11:49:49.105" /><!-- duration: 2ms -->
        </step><!-- duration: 77898ms -->
      </step><!-- duration: 79224ms -->
