<step title="Incoming Request" date="2025-08-13T10:57:41.978" instance="6fd4f9" url="/api/deployments/latest?deployer=OneDeploy&amp;time=2025-08-13_10-56-35Z" method="GET" type="request" pid="821,1,22" Host="travelbuddy-b2c6hgbbgeh4esdh.scm.eastus2-01.azurewebsites.net" User-Agent="GITHUBACTIONS_DeployWebAppToAzure_b1f87d90bb83c0ff7e0432d6ceec70194ee9cebfedda360691d391da7dc88767" Authorization="Bas..." Content-Type="application/json; charset=utf-8" Cookie="ARRAffinity=6fd4f9abf47ac49596ce3a6d8a1fde8f9b930131954ada4e64c68328b6ffcfc8;Path=/;HttpOnly;Secure;Domain=travelbuddy-b2c6hgbbgeh4esdh.scm.eastus2-01.azurewebsites.net; ARRAffinitySameSite=6fd4f9abf47ac49596ce3a6d8a1fde8f9b930131954ada4e64c68328b6ffcfc8;Path=/;HttpOnly;SameSite=None;Secure;Domain=travelbuddy-b2c6hgbbgeh4esdh.scm.eastus2-01.azurewebsites.net" Content-Length="0" X-ARR-LOG-ID="bb66c458-4e25-48e8-abf0-63ecd72e5164" CLIENT-IP="145.132.99.131:37920" X-SITE-DEPLOYMENT-ID="travelbuddy" WAS-DEFAULT-HOSTNAME="travelbuddy-b2c6hgbbgeh4esdh.scm.eastus2-01.azurewebsites.net" X-Forwarded-Proto="https" X-AppService-Proto="https" X-Forwarded-TlsVersion="1.3" X-WAWS-Unencoded-URL="/api/deployments/latest?deployer=OneDeploy&amp;time=2025-08-13_10-56-35Z" X-Client-IP="145.132.99.131" X-Client-Port="37920" >
  <step title="Cleanup Xml Logs" date="2025-08-13T10:57:41.981" >
    <step title="Cleanup Infos" date="2025-08-13T10:57:41.990" totalFiles="422" totalCleanup="262" /><!-- duration: 3ms -->
  </step><!-- duration: 14ms -->
  <step title="DeploymentService.GetResult" date="2025-08-13T10:57:42.000" >
    <step title="DeploymentService.GetLatestDeployment" date="2025-08-13T10:57:42.002" >
      <step title="DeploymentManager.GetResults" date="2025-08-13T10:57:42.004" /><!-- duration: 332ms -->
    </step><!-- duration: 337ms -->
  </step><!-- duration: 341ms -->
  <step title="Outgoing response" date="2025-08-13T10:57:42.344" type="response" statusCode="202" statusText="Accepted" /><!-- duration: 2ms -->
</step><!-- duration: 370ms -->
