<step title="Incoming Request" date="2025-08-13T10:57:19.820" instance="6fd4f9" url="/api/deployments/latest?deployer=OneDeploy&amp;time=2025-08-13_10-56-35Z" method="GET" type="request" pid="821,1,69" Host="travelbuddy-b2c6hgbbgeh4esdh.scm.eastus2-01.azurewebsites.net" User-Agent="GITHUBACTIONS_DeployWebAppToAzure_b1f87d90bb83c0ff7e0432d6ceec70194ee9cebfedda360691d391da7dc88767" Authorization="Bas..." Content-Type="application/json; charset=utf-8" Cookie="ARRAffinity=6fd4f9abf47ac49596ce3a6d8a1fde8f9b930131954ada4e64c68328b6ffcfc8;Path=/;HttpOnly;Secure;Domain=travelbuddy-b2c6hgbbgeh4esdh.scm.eastus2-01.azurewebsites.net; ARRAffinitySameSite=6fd4f9abf47ac49596ce3a6d8a1fde8f9b930131954ada4e64c68328b6ffcfc8;Path=/;HttpOnly;SameSite=None;Secure;Domain=travelbuddy-b2c6hgbbgeh4esdh.scm.eastus2-01.azurewebsites.net" Content-Length="0" X-ARR-LOG-ID="799e6c0f-5656-40a1-953f-e212fe554451" CLIENT-IP="145.132.99.131:37922" X-SITE-DEPLOYMENT-ID="travelbuddy" WAS-DEFAULT-HOSTNAME="travelbuddy-b2c6hgbbgeh4esdh.scm.eastus2-01.azurewebsites.net" X-Forwarded-Proto="https" X-AppService-Proto="https" X-Forwarded-TlsVersion="1.3" X-WAWS-Unencoded-URL="/api/deployments/latest?deployer=OneDeploy&amp;time=2025-08-13_10-56-35Z" X-Client-IP="145.132.99.131" X-Client-Port="37922" >
  <step title="Cleanup Xml Logs" date="2025-08-13T10:57:19.831" >
    <step title="Cleanup Infos" date="2025-08-13T10:57:19.845" totalFiles="418" totalCleanup="258" /><!-- duration: 2ms -->
  </step><!-- duration: 18ms -->
  <step title="DeploymentService.GetResult" date="2025-08-13T10:57:19.855" >
    <step title="DeploymentService.GetLatestDeployment" date="2025-08-13T10:57:19.858" >
      <step title="DeploymentManager.GetResults" date="2025-08-13T10:57:19.864" /><!-- duration: 451ms -->
    </step><!-- duration: 466ms -->
  </step><!-- duration: 474ms -->
  <step title="Outgoing response" date="2025-08-13T10:57:20.333" type="response" statusCode="202" statusText="Accepted" /><!-- duration: 2ms -->
</step><!-- duration: 518ms -->
