<step title="Incoming Request" date="2025-08-12T15:35:22.226" instance="6fd4f9" url="/api/publish?async=true&amp;deployer=GITHUB_ONE_DEPLOY&amp;type=zip&amp;message=%7B%22type%22%3A%22deployment%22%2C%22sha%22%3A%2284fc14855eefdc8e30c9dc0e3e29400670fde64e%22%2C%22repoName%22%3A%22deepalweb%2Ftravelbuddy%22%2C%22actor%22%3A%22deepalweb%22%2C%22slotName%22%3A%22production%22%2C%22commitMessage%22%3A%22Azure%20deploy%20hardening%3A%20install%20backend%20deps%20via%20postinstall%20for%20Oryx%3B%20allow%20startup%20without%20MONGO_URI%3B%20centralize%20API%2FWS%20config%3B%20same-origin%20fetches%3B%20Socket.IO%20CORS%20for%20App%20Service%3B%20add%20Azure%20Web%20App%20workflow%22%7D" method="POST" type="request" pid="820,1,64" Host="travelbuddy-b2c6hgbbgeh4esdh.scm.eastus2-01.azurewebsites.net" User-Agent="GITHUBACTIONS_DeployWebAppToAzure_b1f87d90bb83c0ff7e0432d6ceec70194ee9cebfedda360691d391da7dc88767" Authorization="Bas..." Content-Type="application/octet-stream" Cookie="ARRAffinity=6fd4f9abf47ac49596ce3a6d8a1fde8f9b930131954ada4e64c68328b6ffcfc8;Path=/;HttpOnly;Secure;Domain=travelbuddy-b2c6hgbbgeh4esdh.scm.eastus2-01.azurewebsites.net; ARRAffinitySameSite=6fd4f9abf47ac49596ce3a6d8a1fde8f9b930131954ada4e64c68328b6ffcfc8;Path=/;HttpOnly;SameSite=None;Secure;Domain=travelbuddy-b2c6hgbbgeh4esdh.scm.eastus2-01.azurewebsites.net" Transfer-Encoding="chunked" X-ARR-LOG-ID="2020fe24-3f38-49d4-9816-ef4c695b76da" CLIENT-IP="172.182.193.103:65473" X-SITE-DEPLOYMENT-ID="travelbuddy" WAS-DEFAULT-HOSTNAME="travelbuddy-b2c6hgbbgeh4esdh.scm.eastus2-01.azurewebsites.net" X-Forwarded-Proto="https" X-AppService-Proto="https" X-Forwarded-TlsVersion="1.3" X-WAWS-Unencoded-URL="/api/publish?async=true&amp;deployer=GITHUB_ONE_DEPLOY&amp;type=zip&amp;message=%7B%22type%22%3A%22deployment%22%2C%22sha%22%3A%2284fc14855eefdc8e30c9dc0e3e29400670fde64e%22%2C%22repoName%22%3A%22deepalweb%2Ftravelbuddy%22%2C%22actor%22%3A%22deepalweb%22%2C%22slotName%22%3A%22production%22%2C%22commitMessage%22%3A%22Azure%20deploy%20hardening%3A%20install%20backend%20deps%20via%20postinstall%20for%20Oryx%3B%20allow%20startup%20without%20MONGO_URI%3B%20centralize%20API%2FWS%20config%3B%20same-origin%20fetches%3B%20Socket.IO%20CORS%20for%20App%20Service%3B%20add%20Azure%20Web%20App%20workflow%22%7D" X-Client-IP="172.182.193.103" X-Client-Port="65473" >
  <step title="Cleanup Xml Logs" date="2025-08-12T15:35:22.228" /><!-- duration: 4ms -->
  <step title="OneDeploy" date="2025-08-12T15:35:22.236" >
    <step title="Starting PushDeployAsync" date="2025-08-12T15:35:22.241" /><!-- duration: 2ms -->
    <step title="Removing node_modules symlink" date="2025-08-12T15:35:22.249" >
      <step title="Writing artifact to /tmp/zipdeploy/b6b4e77a-4d41-41cc-af1c-6eb0400fd5ad.zip" date="2025-08-12T15:35:22.266" >
        <step title="Writing multipart request body to /tmp/zipdeploy/b6b4e77a-4d41-41cc-af1c-6eb0400fd5ad.zip" date="2025-08-12T15:35:22.267" /><!-- duration: 2ms -->
      </step><!-- duration: 1183ms -->
      <step title="Removing previous build artifact&apos;s manifest file" date="2025-08-12T15:35:23.458" >
        <step title="Start deployment in the background" date="2025-08-12T15:35:23.466" >
          <step title="Acquiring Deployment Lock" date="2025-08-12T15:35:23.473" /><!-- duration: 2ms -->
          <step title="Acquired Deployment Lock" date="2025-08-12T15:35:23.493" /><!-- duration: 2ms -->
        </step><!-- duration: 129ms -->
      </step><!-- duration: 139ms -->
      <step title="Outgoing response" date="2025-08-12T15:35:23.599" type="response" statusCode="202" statusText="Accepted" /><!-- duration: 2ms -->
    </step><!-- duration: 1354ms -->
