<step title="Incoming Request" date="2025-08-13T07:22:14.317" instance="6fd4f9" url="/api/publish?async=true&amp;deployer=GITHUB_ONE_DEPLOY&amp;type=zip&amp;message=%7B%22type%22%3A%22deployment%22%2C%22sha%22%3A%22af6342474d8def43ca77877e38477ba424aabaab%22%2C%22repoName%22%3A%22deepalweb%2Ftravelbuddy%22%2C%22actor%22%3A%22deepalweb%22%2C%22slotName%22%3A%22production%22%2C%22commitMessage%22%3A%22fix(backend)%3A%20add%20compression%20dependency%20to%20resolve%20ERR_MODULE_NOT_FOUND%20on%20Azure%20startup%22%7D" method="POST" type="request" pid="821,1,27" Host="travelbuddy-b2c6hgbbgeh4esdh.scm.eastus2-01.azurewebsites.net" User-Agent="GITHUBACTIONS_DeployWebAppToAzure_b1f87d90bb83c0ff7e0432d6ceec70194ee9cebfedda360691d391da7dc88767" Authorization="Bas..." Content-Type="application/octet-stream" Cookie="ARRAffinity=6fd4f9abf47ac49596ce3a6d8a1fde8f9b930131954ada4e64c68328b6ffcfc8;Path=/;HttpOnly;Secure;Domain=travelbuddy-b2c6hgbbgeh4esdh.scm.eastus2-01.azurewebsites.net; ARRAffinitySameSite=6fd4f9abf47ac49596ce3a6d8a1fde8f9b930131954ada4e64c68328b6ffcfc8;Path=/;HttpOnly;SameSite=None;Secure;Domain=travelbuddy-b2c6hgbbgeh4esdh.scm.eastus2-01.azurewebsites.net" Transfer-Encoding="chunked" X-ARR-LOG-ID="cbd27f38-8b15-4a9c-addd-0cbfc9754c43" CLIENT-IP="20.171.127.98:58433" X-SITE-DEPLOYMENT-ID="travelbuddy" WAS-DEFAULT-HOSTNAME="travelbuddy-b2c6hgbbgeh4esdh.scm.eastus2-01.azurewebsites.net" X-Forwarded-Proto="https" X-AppService-Proto="https" X-Forwarded-TlsVersion="1.3" X-WAWS-Unencoded-URL="/api/publish?async=true&amp;deployer=GITHUB_ONE_DEPLOY&amp;type=zip&amp;message=%7B%22type%22%3A%22deployment%22%2C%22sha%22%3A%22af6342474d8def43ca77877e38477ba424aabaab%22%2C%22repoName%22%3A%22deepalweb%2Ftravelbuddy%22%2C%22actor%22%3A%22deepalweb%22%2C%22slotName%22%3A%22production%22%2C%22commitMessage%22%3A%22fix(backend)%3A%20add%20compression%20dependency%20to%20resolve%20ERR_MODULE_NOT_FOUND%20on%20Azure%20startup%22%7D" X-Client-IP="20.171.127.98" X-Client-Port="58433" >
  <step title="Cleanup Xml Logs" date="2025-08-13T07:22:14.320" >
    <step title="Cleanup Infos" date="2025-08-13T07:22:14.326" totalFiles="281" totalCleanup="121" /><!-- duration: 2ms -->
  </step><!-- duration: 11ms -->
  <step title="OneDeploy" date="2025-08-13T07:22:14.358" >
    <step title="Starting PushDeployAsync" date="2025-08-13T07:22:14.366" /><!-- duration: 2ms -->
    <step title="Removing node_modules symlink" date="2025-08-13T07:22:14.376" >
      <step title="Removing _del_node_modules symlink" date="2025-08-13T07:22:14.403" >
        <step title="Writing artifact to /tmp/zipdeploy/9334d65c-16ac-41eb-a147-73e33feb9547.zip" date="2025-08-13T07:22:14.412" >
          <step title="Writing multipart request body to /tmp/zipdeploy/9334d65c-16ac-41eb-a147-73e33feb9547.zip" date="2025-08-13T07:22:14.415" /><!-- duration: 2ms -->
        </step><!-- duration: 618ms -->
        <step title="Removing previous build artifact&apos;s manifest file" date="2025-08-13T07:22:15.035" >
          <step title="Start deployment in the background" date="2025-08-13T07:22:15.049" >
            <step title="Acquiring Deployment Lock" date="2025-08-13T07:22:15.063" /><!-- duration: 2ms -->
            <step title="Acquired Deployment Lock" date="2025-08-13T07:22:15.100" /><!-- duration: 2ms -->
          </step><!-- duration: 105ms -->
        </step><!-- duration: 122ms -->
        <step title="Outgoing response" date="2025-08-13T07:22:15.159" type="response" statusCode="202" statusText="Accepted" /><!-- duration: 2ms -->
      </step><!-- duration: 760ms -->
