<step title="Incoming Request" date="2025-08-12T11:23:03.872" instance="6fd4f9" url="/api/publish?async=true&amp;deployer=GITHUB_ONE_DEPLOY&amp;type=zip&amp;message=%7B%22type%22%3A%22deployment%22%2C%22sha%22%3A%227f8b8416dc1f6cb464507ba690ac15cfcb563eef%22%2C%22repoName%22%3A%22deepalweb%2Ftravelbuddy%22%2C%22actor%22%3A%22deepalweb%22%2C%22slotName%22%3A%22production%22%2C%22commitMessage%22%3A%22readme%20change%22%7D" method="POST" type="request" pid="820,1,25" Host="travelbuddy-b2c6hgbbgeh4esdh.scm.eastus2-01.azurewebsites.net" User-Agent="GITHUBACTIONS_DeployWebAppToAzure_b1f87d90bb83c0ff7e0432d6ceec70194ee9cebfedda360691d391da7dc88767" Authorization="Bas..." Content-Type="application/octet-stream" Cookie="ARRAffinity=6fd4f9abf47ac49596ce3a6d8a1fde8f9b930131954ada4e64c68328b6ffcfc8;Path=/;HttpOnly;Secure;Domain=travelbuddy-b2c6hgbbgeh4esdh.scm.eastus2-01.azurewebsites.net; ARRAffinitySameSite=6fd4f9abf47ac49596ce3a6d8a1fde8f9b930131954ada4e64c68328b6ffcfc8;Path=/;HttpOnly;SameSite=None;Secure;Domain=travelbuddy-b2c6hgbbgeh4esdh.scm.eastus2-01.azurewebsites.net" Transfer-Encoding="chunked" X-ARR-LOG-ID="44e76fe6-c057-4eba-a274-b68a51b063cb" CLIENT-IP="20.161.44.229:59456" X-SITE-DEPLOYMENT-ID="travelbuddy" WAS-DEFAULT-HOSTNAME="travelbuddy-b2c6hgbbgeh4esdh.scm.eastus2-01.azurewebsites.net" X-Forwarded-Proto="https" X-AppService-Proto="https" X-Forwarded-TlsVersion="1.3" X-WAWS-Unencoded-URL="/api/publish?async=true&amp;deployer=GITHUB_ONE_DEPLOY&amp;type=zip&amp;message=%7B%22type%22%3A%22deployment%22%2C%22sha%22%3A%227f8b8416dc1f6cb464507ba690ac15cfcb563eef%22%2C%22repoName%22%3A%22deepalweb%2Ftravelbuddy%22%2C%22actor%22%3A%22deepalweb%22%2C%22slotName%22%3A%22production%22%2C%22commitMessage%22%3A%22readme%20change%22%7D" X-Client-IP="20.161.44.229" X-Client-Port="59456" >
  <step title="OneDeploy" date="2025-08-12T11:23:03.886" >
    <step title="Starting PushDeployAsync" date="2025-08-12T11:23:03.891" /><!-- duration: 2ms -->
    <step title="Writing artifact to /tmp/zipdeploy/7adf2d53-9a80-408b-8271-707fd64cdc5e.zip" date="2025-08-12T11:23:03.900" >
      <step title="Writing multipart request body to /tmp/zipdeploy/7adf2d53-9a80-408b-8271-707fd64cdc5e.zip" date="2025-08-12T11:23:03.902" /><!-- duration: 5ms -->
    </step><!-- duration: 12ms -->
    <step title="Start deployment in the background" date="2025-08-12T11:23:03.918" >
      <step title="Acquiring Deployment Lock" date="2025-08-12T11:23:03.924" /><!-- duration: 2ms -->
      <step title="Acquired Deployment Lock" date="2025-08-12T11:23:03.941" /><!-- duration: 2ms -->
    </step><!-- duration: 90ms -->
  </step><!-- duration: 123ms -->
  <step title="Outgoing response" date="2025-08-12T11:23:04.012" type="response" statusCode="202" statusText="Accepted" /><!-- duration: 2ms -->
</step><!-- duration: 143ms -->
