<step title="BackgroundTrace" date="2025-08-13T12:00:00.179" instance="6fd4f9" url="/api/publish" method="POST" >
  <step title="Creating temporary deployment - FetchDeploymentManager" date="2025-08-13T12:00:00.237" /><!-- duration: 2ms -->
  <step title="Creating temporary deployment" date="2025-08-13T12:00:00.241" /><!-- duration: 57ms -->
  <step title="Performing fetch based deployment" date="2025-08-13T12:00:00.313" >
    <step title="Cleaning up temp folders from previous zip deployments and extracting pushed zip file /tmp/zipdeploy/3af72f2c-26c9-4eae-9e83-ab2e44018af1.zip (34.49 MB) to /tmp/zipdeploy/extracted" date="2025-08-13T12:00:01.433" >
      <step title="ChmodRecursive Process exited with total time taken in ms: 90" date="2025-08-13T12:00:04.104" /><!-- duration: 5ms -->
    </step><!-- duration: 2678ms -->
    <step title="Deployment timer started" date="2025-08-13T12:00:06.116" >
      <step title="DeploymentManager.Deploy(id:5fa9a4f4-e9da-4213-942f-b8f3e66f1917)" date="2025-08-13T12:00:06.122" >
        <step title="Collecting changeset information" date="2025-08-13T12:00:06.134" /><!-- duration: 61ms -->
        <step title="Updating submodules" date="2025-08-13T12:00:06.203" /><!-- duration: 1092ms -->
        <step title="Determining deployment builder" date="2025-08-13T12:00:07.446" >
          <step title="Builder is OryxBuilder" date="2025-08-13T12:00:07.453" /><!-- duration: 3ms -->
        </step><!-- duration: 11ms -->
        <step title="PreDeployment: context.CleanOutputPath False" date="2025-08-13T12:00:07.481" >
          <step title="PreDeployment: context.OutputPath /home/site/wwwroot" date="2025-08-13T12:00:07.552" >
            <step title="Building" date="2025-08-13T12:00:07.643" >
              <step title="Executing external process" date="2025-08-13T12:00:07.798" type="process" path="bash" arguments="-c &quot;oryx build /tmp/zipdeploy/extracted -o /home/site/wwwroot --platform nodejs --platform-version 20 -p virtualenv_name= --log-file /tmp/build-debug.log  -i /tmp/8ddda60f260644c -p compress_node_modules=tar-gz | tee /tmp/oryx-build.log ; exit $PIPESTATUS &quot;" /><!-- duration: 81165ms -->
              <step title="Using GenericDeploymentLogParser" date="2025-08-13T12:01:29.199" /><!-- duration: 5ms -->
              <step title="Modified file to trigger a restart of the app container." date="2025-08-13T12:01:29.946" /><!-- duration: 2ms -->
              <step title="Skip function trigger and logicapp sync because function is not enabled." date="2025-08-13T12:01:29.950" /><!-- duration: 5ms -->
              <step title="Purge deployment items" date="2025-08-13T12:01:30.752" >
                <step title="Remove ba20ee02-, Success, received at 08/12/2025 17:04:59" date="2025-08-13T12:01:30.790" /><!-- duration: 2ms -->
              </step><!-- duration: 42ms -->
            </step><!-- duration: 83210ms -->
          </step><!-- duration: 83306ms -->
          <step title="Cleaning up temp files" date="2025-08-13T12:01:30.860" /><!-- duration: 999ms -->
          <step title="Cleaning up temp files" date="2025-08-13T12:01:31.877" /><!-- duration: 518ms -->
          <step title="Reloading status file with latest updates" date="2025-08-13T12:01:32.424" >
            <step title="WebHooksManager.PublishEventAsync: PostDeployment" date="2025-08-13T12:01:32.427" /><!-- duration: 17ms -->
          </step><!-- duration: 21ms -->
          <step title="Cleaning up temporary deployment - fetch deployment was successful" date="2025-08-13T12:01:32.449" /><!-- duration: 2ms -->
        </step><!-- duration: 85003ms -->
      </step><!-- duration: 86374ms -->
