<step title="Incoming Request" date="2025-08-12T09:54:59.474" instance="6fd4f9" url="/api/publish?async=true&amp;deployer=GITHUB_ONE_DEPLOY&amp;type=zip&amp;message=%7B%22type%22%3A%22deployment%22%2C%22sha%22%3A%2264e07f8ca335c028c51d34fbca365cc4c7c34405%22%2C%22repoName%22%3A%22deepalweb%2Ftravelbuddy%22%2C%22actor%22%3A%22deepalweb%22%2C%22slotName%22%3A%22Production%22%2C%22commitMessage%22%3A%22Add%20or%20update%20the%20Azure%20App%20Service%20build%20and%20deployment%20workflow%20config%22%7D" method="POST" type="request" pid="821,1,5" Host="travelbuddy-b2c6hgbbgeh4esdh.scm.eastus2-01.azurewebsites.net" User-Agent="GITHUBACTIONS_DeployWebAppToAzure_b1f87d90bb83c0ff7e0432d6ceec70194ee9cebfedda360691d391da7dc88767" Authorization="Bas..." Content-Type="application/octet-stream" Cookie="ARRAffinity=6fd4f9abf47ac49596ce3a6d8a1fde8f9b930131954ada4e64c68328b6ffcfc8;Path=/;HttpOnly;Secure;Domain=travelbuddy-b2c6hgbbgeh4esdh.scm.eastus2-01.azurewebsites.net; ARRAffinitySameSite=6fd4f9abf47ac49596ce3a6d8a1fde8f9b930131954ada4e64c68328b6ffcfc8;Path=/;HttpOnly;SameSite=None;Secure;Domain=travelbuddy-b2c6hgbbgeh4esdh.scm.eastus2-01.azurewebsites.net" Transfer-Encoding="chunked" X-ARR-LOG-ID="45c3286a-756f-46ae-a516-b1ddb8ac9fd8" CLIENT-IP="135.232.177.244:17408" X-SITE-DEPLOYMENT-ID="travelbuddy" WAS-DEFAULT-HOSTNAME="travelbuddy-b2c6hgbbgeh4esdh.scm.eastus2-01.azurewebsites.net" X-Forwarded-Proto="https" X-AppService-Proto="https" X-Forwarded-TlsVersion="1.3" X-WAWS-Unencoded-URL="/api/publish?async=true&amp;deployer=GITHUB_ONE_DEPLOY&amp;type=zip&amp;message=%7B%22type%22%3A%22deployment%22%2C%22sha%22%3A%2264e07f8ca335c028c51d34fbca365cc4c7c34405%22%2C%22repoName%22%3A%22deepalweb%2Ftravelbuddy%22%2C%22actor%22%3A%22deepalweb%22%2C%22slotName%22%3A%22Production%22%2C%22commitMessage%22%3A%22Add%20or%20update%20the%20Azure%20App%20Service%20build%20and%20deployment%20workflow%20config%22%7D" X-Client-IP="135.232.177.244" X-Client-Port="17408" >
  <step title="Cleanup Xml Logs" date="2025-08-12T09:54:59.477" /><!-- duration: 4ms -->
  <step title="OneDeploy" date="2025-08-12T09:54:59.518" >
    <step title="None repository commit" date="2025-08-12T09:54:59.527" >
      <step title="Commit id: b601cfe8-11bc-4edd-b9be-6cc2feba5caf" date="2025-08-12T09:54:59.529" Message="N/A" AuthorName="N/A" AuthorEmail="N/A" /><!-- duration: 3ms -->
    </step><!-- duration: 7ms -->
    <step title="Starting PushDeployAsync" date="2025-08-12T09:54:59.536" /><!-- duration: 2ms -->
    <step title="Writing artifact to /tmp/zipdeploy/0024089f-eca4-418f-9b0d-1b182a7f28ee.zip" date="2025-08-12T09:54:59.545" >
      <step title="Writing multipart request body to /tmp/zipdeploy/0024089f-eca4-418f-9b0d-1b182a7f28ee.zip" date="2025-08-12T09:54:59.548" /><!-- duration: 2ms -->
    </step><!-- duration: 1167ms -->
    <step title="Start deployment in the background" date="2025-08-12T09:55:00.872" >
      <step title="Acquiring Deployment Lock" date="2025-08-12T09:55:00.880" /><!-- duration: 17ms -->
      <step title="Acquired Deployment Lock" date="2025-08-12T09:55:00.936" /><!-- duration: 2ms -->
    </step><!-- duration: 315ms -->
  </step><!-- duration: 1674ms -->
  <step title="Outgoing response" date="2025-08-12T09:55:01.200" type="response" statusCode="202" statusText="Accepted" /><!-- duration: 2ms -->
</step><!-- duration: 1730ms -->
