<step title="Incoming Request" date="2025-08-12T11:27:51.549" instance="6fd4f9" url="/api/publish?async=true&amp;deployer=GITHUB_ONE_DEPLOY&amp;type=zip&amp;message=%7B%22type%22%3A%22deployment%22%2C%22sha%22%3A%22403a87a81cdcab8decff7c8d0cb8ccfa95f761e8%22%2C%22repoName%22%3A%22deepalweb%2Ftravelbuddy%22%2C%22actor%22%3A%22deepalweb%22%2C%22slotName%22%3A%22production%22%2C%22commitMessage%22%3A%22ci(azure)%3A%20ignore%20Windows%20Kudu%20scripts%20during%20deploy%20to%20use%20Linux%20Oryx%20build%22%7D" method="POST" type="request" pid="820,1,30" Host="travelbuddy-b2c6hgbbgeh4esdh.scm.eastus2-01.azurewebsites.net" User-Agent="GITHUBACTIONS_DeployWebAppToAzure_b1f87d90bb83c0ff7e0432d6ceec70194ee9cebfedda360691d391da7dc88767" Authorization="Bas..." Content-Type="application/octet-stream" Cookie="ARRAffinity=6fd4f9abf47ac49596ce3a6d8a1fde8f9b930131954ada4e64c68328b6ffcfc8;Path=/;HttpOnly;Secure;Domain=travelbuddy-b2c6hgbbgeh4esdh.scm.eastus2-01.azurewebsites.net; ARRAffinitySameSite=6fd4f9abf47ac49596ce3a6d8a1fde8f9b930131954ada4e64c68328b6ffcfc8;Path=/;HttpOnly;SameSite=None;Secure;Domain=travelbuddy-b2c6hgbbgeh4esdh.scm.eastus2-01.azurewebsites.net" Transfer-Encoding="chunked" X-ARR-LOG-ID="7c0c53ee-6139-43cb-ba5b-7ed2a6635584" CLIENT-IP="64.236.134.225:16320" X-SITE-DEPLOYMENT-ID="travelbuddy" WAS-DEFAULT-HOSTNAME="travelbuddy-b2c6hgbbgeh4esdh.scm.eastus2-01.azurewebsites.net" X-Forwarded-Proto="https" X-AppService-Proto="https" X-Forwarded-TlsVersion="1.3" X-WAWS-Unencoded-URL="/api/publish?async=true&amp;deployer=GITHUB_ONE_DEPLOY&amp;type=zip&amp;message=%7B%22type%22%3A%22deployment%22%2C%22sha%22%3A%22403a87a81cdcab8decff7c8d0cb8ccfa95f761e8%22%2C%22repoName%22%3A%22deepalweb%2Ftravelbuddy%22%2C%22actor%22%3A%22deepalweb%22%2C%22slotName%22%3A%22production%22%2C%22commitMessage%22%3A%22ci(azure)%3A%20ignore%20Windows%20Kudu%20scripts%20during%20deploy%20to%20use%20Linux%20Oryx%20build%22%7D" X-Client-IP="64.236.134.225" X-Client-Port="16320" >
  <step title="OneDeploy" date="2025-08-12T11:27:51.556" >
    <step title="Starting PushDeployAsync" date="2025-08-12T11:27:51.561" /><!-- duration: 2ms -->
    <step title="Removing node_modules symlink" date="2025-08-12T11:27:51.569" >
      <step title="Writing artifact to /tmp/zipdeploy/7838e807-05b9-4d47-a795-66873f6a9298.zip" date="2025-08-12T11:27:51.586" >
        <step title="Writing multipart request body to /tmp/zipdeploy/7838e807-05b9-4d47-a795-66873f6a9298.zip" date="2025-08-12T11:27:51.588" /><!-- duration: 2ms -->
      </step><!-- duration: 103ms -->
      <step title="Removing previous build artifact&apos;s manifest file" date="2025-08-12T11:27:51.694" >
        <step title="Start deployment in the background" date="2025-08-12T11:27:51.701" >
          <step title="Acquiring Deployment Lock" date="2025-08-12T11:27:51.709" /><!-- duration: 11ms -->
          <step title="Acquired Deployment Lock" date="2025-08-12T11:27:51.739" /><!-- duration: 2ms -->
        </step><!-- duration: 104ms -->
      </step><!-- duration: 113ms -->
      <step title="Outgoing response" date="2025-08-12T11:27:51.809" type="response" statusCode="202" statusText="Accepted" /><!-- duration: 2ms -->
    </step><!-- duration: 243ms -->
