<step title="Incoming Request" date="2025-08-13T10:06:27.754" instance="6fd4f9" url="/api/publish?async=true&amp;deployer=GITHUB_ONE_DEPLOY&amp;type=zip&amp;message=%7B%22type%22%3A%22deployment%22%2C%22sha%22%3A%224102e911666258540d131622dfc1b9d1a3ed7a0f%22%2C%22repoName%22%3A%22deepalweb%2Ftravelbuddy%22%2C%22actor%22%3A%22deepalweb%22%2C%22slotName%22%3A%22production%22%2C%22commitMessage%22%3A%22chore(admin)%3A%20add%20%2Fapi%2Fhealth%2Fdb%20endpoint%20and%20extend%20API%20Insights%20windows%2Fcustom%20range%22%7D" method="POST" type="request" pid="821,1,34" Host="travelbuddy-b2c6hgbbgeh4esdh.scm.eastus2-01.azurewebsites.net" User-Agent="GITHUBACTIONS_DeployWebAppToAzure_b1f87d90bb83c0ff7e0432d6ceec70194ee9cebfedda360691d391da7dc88767" Authorization="Bas..." Content-Type="application/octet-stream" Cookie="ARRAffinity=6fd4f9abf47ac49596ce3a6d8a1fde8f9b930131954ada4e64c68328b6ffcfc8;Path=/;HttpOnly;Secure;Domain=travelbuddy-b2c6hgbbgeh4esdh.scm.eastus2-01.azurewebsites.net; ARRAffinitySameSite=6fd4f9abf47ac49596ce3a6d8a1fde8f9b930131954ada4e64c68328b6ffcfc8;Path=/;HttpOnly;SameSite=None;Secure;Domain=travelbuddy-b2c6hgbbgeh4esdh.scm.eastus2-01.azurewebsites.net" Transfer-Encoding="chunked" X-ARR-LOG-ID="8d5aff78-da89-4a9e-bd00-d7919e1508cf" CLIENT-IP="52.159.225.196:60417" X-SITE-DEPLOYMENT-ID="travelbuddy" WAS-DEFAULT-HOSTNAME="travelbuddy-b2c6hgbbgeh4esdh.scm.eastus2-01.azurewebsites.net" X-Forwarded-Proto="https" X-AppService-Proto="https" X-Forwarded-TlsVersion="1.3" X-WAWS-Unencoded-URL="/api/publish?async=true&amp;deployer=GITHUB_ONE_DEPLOY&amp;type=zip&amp;message=%7B%22type%22%3A%22deployment%22%2C%22sha%22%3A%224102e911666258540d131622dfc1b9d1a3ed7a0f%22%2C%22repoName%22%3A%22deepalweb%2Ftravelbuddy%22%2C%22actor%22%3A%22deepalweb%22%2C%22slotName%22%3A%22production%22%2C%22commitMessage%22%3A%22chore(admin)%3A%20add%20%2Fapi%2Fhealth%2Fdb%20endpoint%20and%20extend%20API%20Insights%20windows%2Fcustom%20range%22%7D" X-Client-IP="52.159.225.196" X-Client-Port="60417" >
  <step title="Cleanup Xml Logs" date="2025-08-13T10:06:27.756" >
    <step title="Cleanup Infos" date="2025-08-13T10:06:27.765" totalFiles="363" totalCleanup="203" /><!-- duration: 2ms -->
  </step><!-- duration: 13ms -->
  <step title="OneDeploy" date="2025-08-13T10:06:27.775" >
    <step title="Starting PushDeployAsync" date="2025-08-13T10:06:27.780" /><!-- duration: 2ms -->
    <step title="Removing node_modules symlink" date="2025-08-13T10:06:27.791" >
      <step title="Writing artifact to /tmp/zipdeploy/fafda448-4234-4512-ac4c-c16bb31851d6.zip" date="2025-08-13T10:06:27.818" >
        <step title="Writing multipart request body to /tmp/zipdeploy/fafda448-4234-4512-ac4c-c16bb31851d6.zip" date="2025-08-13T10:06:27.827" /><!-- duration: 10ms -->
      </step><!-- duration: 869ms -->
      <step title="Removing previous build artifact&apos;s manifest file" date="2025-08-13T10:06:28.698" >
        <step title="Start deployment in the background" date="2025-08-13T10:06:28.721" >
          <step title="Acquiring Deployment Lock" date="2025-08-13T10:06:28.730" /><!-- duration: 2ms -->
          <step title="Acquired Deployment Lock" date="2025-08-13T10:06:28.752" /><!-- duration: 19ms -->
        </step><!-- duration: 127ms -->
      </step><!-- duration: 153ms -->
      <step title="Outgoing response" date="2025-08-13T10:06:28.854" type="response" statusCode="202" statusText="Accepted" /><!-- duration: 2ms -->
    </step><!-- duration: 1067ms -->
