<step title="Incoming Request" date="2025-08-13T05:25:14.969" instance="6fd4f9" url="/api/deployments/latest?deployer=OneDeploy&amp;time=2025-08-13_05-23-51Z" method="GET" type="request" pid="820,1,25" Host="travelbuddy-b2c6hgbbgeh4esdh.scm.eastus2-01.azurewebsites.net" User-Agent="GITHUBACTIONS_DeployWebAppToAzure_b1f87d90bb83c0ff7e0432d6ceec70194ee9cebfedda360691d391da7dc88767" Authorization="Bas..." Content-Type="application/json; charset=utf-8" Cookie="ARRAffinity=6fd4f9abf47ac49596ce3a6d8a1fde8f9b930131954ada4e64c68328b6ffcfc8;Path=/;HttpOnly;Secure;Domain=travelbuddy-b2c6hgbbgeh4esdh.scm.eastus2-01.azurewebsites.net; ARRAffinitySameSite=6fd4f9abf47ac49596ce3a6d8a1fde8f9b930131954ada4e64c68328b6ffcfc8;Path=/;HttpOnly;SameSite=None;Secure;Domain=travelbuddy-b2c6hgbbgeh4esdh.scm.eastus2-01.azurewebsites.net" Content-Length="0" X-ARR-LOG-ID="8b7dd68e-8a3c-4d17-904d-972efd93e488" CLIENT-IP="4.236.158.84:12288" X-SITE-DEPLOYMENT-ID="travelbuddy" WAS-DEFAULT-HOSTNAME="travelbuddy-b2c6hgbbgeh4esdh.scm.eastus2-01.azurewebsites.net" X-Forwarded-Proto="https" X-AppService-Proto="https" X-Forwarded-TlsVersion="1.3" X-WAWS-Unencoded-URL="/api/deployments/latest?deployer=OneDeploy&amp;time=2025-08-13_05-23-51Z" X-Client-IP="4.236.158.84" X-Client-Port="12288" >
  <step title="Cleanup Xml Logs" date="2025-08-13T05:25:14.972" >
    <step title="Cleanup Infos" date="2025-08-13T05:25:14.982" totalFiles="248" totalCleanup="88" /><!-- duration: 3ms -->
  </step><!-- duration: 16ms -->
  <step title="DeploymentService.GetResult" date="2025-08-13T05:25:15.018" >
    <step title="DeploymentService.GetLatestDeployment" date="2025-08-13T05:25:15.020" >
      <step title="DeploymentManager.GetResults" date="2025-08-13T05:25:15.024" /><!-- duration: 385ms -->
    </step><!-- duration: 393ms -->
  </step><!-- duration: 398ms -->
  <step title="Outgoing response" date="2025-08-13T05:25:15.420" type="response" statusCode="202" statusText="Accepted" /><!-- duration: 2ms -->
</step><!-- duration: 456ms -->
