<step title="BackgroundTrace" date="2025-08-12T17:04:53.838" instance="6fd4f9" url="/api/publish" method="POST" >
  <step title="Creating temporary deployment - FetchDeploymentManager" date="2025-08-12T17:04:53.869" /><!-- duration: 2ms -->
  <step title="Creating temporary deployment" date="2025-08-12T17:04:53.873" /><!-- duration: 82ms -->
  <step title="Performing fetch based deployment" date="2025-08-12T17:04:53.970" >
    <step title="Cleaning up temp folders from previous zip deployments and extracting pushed zip file /tmp/zipdeploy/88553370-86db-4e55-b040-60625612cb3d.zip (34.41 MB) to /tmp/zipdeploy/extracted" date="2025-08-12T17:04:55.115" >
      <step title="ChmodRecursive Process exited with total time taken in ms: 88" date="2025-08-12T17:04:57.345" /><!-- duration: 8ms -->
    </step><!-- duration: 2240ms -->
    <step title="Deployment timer started" date="2025-08-12T17:04:59.359" >
      <step title="DeploymentManager.Deploy(id:ba20ee02-3743-4cb4-895b-520ec8f07a89)" date="2025-08-12T17:04:59.364" >
        <step title="Collecting changeset information" date="2025-08-12T17:04:59.374" /><!-- duration: 83ms -->
        <step title="Updating submodules" date="2025-08-12T17:04:59.461" /><!-- duration: 1109ms -->
        <step title="Determining deployment builder" date="2025-08-12T17:05:00.707" >
          <step title="Builder is OryxBuilder" date="2025-08-12T17:05:00.723" /><!-- duration: 2ms -->
        </step><!-- duration: 21ms -->
        <step title="PreDeployment: context.CleanOutputPath False" date="2025-08-12T17:05:00.761" >
          <step title="PreDeployment: context.OutputPath /home/site/wwwroot" date="2025-08-12T17:05:00.828" >
            <step title="Building" date="2025-08-12T17:05:00.915" >
              <step title="Executing external process" date="2025-08-12T17:05:01.108" type="process" path="bash" arguments="-c &quot;oryx build /tmp/zipdeploy/extracted -o /home/site/wwwroot --platform nodejs --platform-version 20 -p virtualenv_name= --log-file /tmp/build-debug.log  -i /tmp/8ddd9c25f9b7b8e -p compress_node_modules=tar-gz | tee /tmp/oryx-build.log ; exit $PIPESTATUS &quot;" /><!-- duration: 84222ms -->
              <step title="Using GenericDeploymentLogParser" date="2025-08-12T17:06:25.605" /><!-- duration: 2ms -->
              <step title="Modified file to trigger a restart of the app container." date="2025-08-12T17:06:26.506" /><!-- duration: 4ms -->
              <step title="Skip function trigger and logicapp sync because function is not enabled." date="2025-08-12T17:06:26.511" /><!-- duration: 2ms -->
            </step><!-- duration: 86404ms -->
          </step><!-- duration: 86495ms -->
          <step title="Cleaning up temp files" date="2025-08-12T17:06:27.324" /><!-- duration: 984ms -->
          <step title="Cleaning up temp files" date="2025-08-12T17:06:28.311" /><!-- duration: 503ms -->
          <step title="Reloading status file with latest updates" date="2025-08-12T17:06:28.847" >
            <step title="WebHooksManager.PublishEventAsync: PostDeployment" date="2025-08-12T17:06:28.849" /><!-- duration: 17ms -->
          </step><!-- duration: 21ms -->
          <step title="Cleaning up temporary deployment - fetch deployment was successful" date="2025-08-12T17:06:28.870" /><!-- duration: 2ms -->
        </step><!-- duration: 88142ms -->
      </step><!-- duration: 89548ms -->
