<step title="Incoming Request" date="2025-08-13T10:07:33.784" instance="6fd4f9" url="/api/deployments/latest?deployer=OneDeploy&amp;time=2025-08-13_10-06-28Z" method="GET" type="request" pid="821,1,25" Host="travelbuddy-b2c6hgbbgeh4esdh.scm.eastus2-01.azurewebsites.net" User-Agent="GITHUBACTIONS_DeployWebAppToAzure_b1f87d90bb83c0ff7e0432d6ceec70194ee9cebfedda360691d391da7dc88767" Authorization="Bas..." Content-Type="application/json; charset=utf-8" Cookie="ARRAffinity=6fd4f9abf47ac49596ce3a6d8a1fde8f9b930131954ada4e64c68328b6ffcfc8;Path=/;HttpOnly;Secure;Domain=travelbuddy-b2c6hgbbgeh4esdh.scm.eastus2-01.azurewebsites.net; ARRAffinitySameSite=6fd4f9abf47ac49596ce3a6d8a1fde8f9b930131954ada4e64c68328b6ffcfc8;Path=/;HttpOnly;SameSite=None;Secure;Domain=travelbuddy-b2c6hgbbgeh4esdh.scm.eastus2-01.azurewebsites.net" Content-Length="0" X-ARR-LOG-ID="cb3e4498-a06e-462e-805f-0c609ac259a4" CLIENT-IP="52.159.225.196:60416" X-SITE-DEPLOYMENT-ID="travelbuddy" WAS-DEFAULT-HOSTNAME="travelbuddy-b2c6hgbbgeh4esdh.scm.eastus2-01.azurewebsites.net" X-Forwarded-Proto="https" X-AppService-Proto="https" X-Forwarded-TlsVersion="1.3" X-WAWS-Unencoded-URL="/api/deployments/latest?deployer=OneDeploy&amp;time=2025-08-13_10-06-28Z" X-Client-IP="52.159.225.196" X-Client-Port="60416" >
  <step title="Cleanup Xml Logs" date="2025-08-13T10:07:33.787" >
    <step title="Cleanup Infos" date="2025-08-13T10:07:33.801" totalFiles="376" totalCleanup="216" /><!-- duration: 7ms -->
  </step><!-- duration: 28ms -->
  <step title="DeploymentService.GetResult" date="2025-08-13T10:07:33.819" >
    <step title="DeploymentService.GetLatestDeployment" date="2025-08-13T10:07:33.821" >
      <step title="DeploymentManager.GetResults" date="2025-08-13T10:07:33.826" /><!-- duration: 455ms -->
    </step><!-- duration: 462ms -->
  </step><!-- duration: 466ms -->
  <step title="Outgoing response" date="2025-08-13T10:07:34.291" type="response" statusCode="202" statusText="Accepted" /><!-- duration: 9ms -->
</step><!-- duration: 525ms -->
