<step title="BackgroundTrace" date="2025-08-12T11:25:29.092" instance="6fd4f9" url="/api/publish" method="POST" >
  <step title="Creating temporary deployment - FetchDeploymentManager" date="2025-08-12T11:25:29.123" /><!-- duration: 2ms -->
  <step title="Creating temporary deployment" date="2025-08-12T11:25:29.126" /><!-- duration: 41ms -->
  <step title="Performing fetch based deployment" date="2025-08-12T11:25:29.198" >
    <step title="Cleaning up temp folders from previous zip deployments and extracting pushed zip file /tmp/zipdeploy/75ed9868-80e0-4228-bae6-5de968e2f410.zip (1.09 MB) to /tmp/zipdeploy/extracted" date="2025-08-12T11:25:30.302" >
      <step title="ChmodRecursive Process exited with total time taken in ms: 12" date="2025-08-12T11:25:30.392" /><!-- duration: 2ms -->
    </step><!-- duration: 94ms -->
    <step title="Deployment timer started" date="2025-08-12T11:25:32.400" >
      <step title="DeploymentManager.Deploy(id:ece5ffa0-6a74-4cf5-b323-0a2ed0c79b3b)" date="2025-08-12T11:25:32.405" >
        <step title="Collecting changeset information" date="2025-08-12T11:25:32.413" /><!-- duration: 86ms -->
        <step title="Updating submodules" date="2025-08-12T11:25:32.502" /><!-- duration: 1080ms -->
        <step title="Determining deployment builder" date="2025-08-12T11:25:33.744" >
          <step title="Builder is OryxBuilder" date="2025-08-12T11:25:33.750" /><!-- duration: 2ms -->
        </step><!-- duration: 10ms -->
        <step title="PreDeployment: context.CleanOutputPath False" date="2025-08-12T11:25:33.784" >
          <step title="PreDeployment: context.OutputPath /home/site/wwwroot" date="2025-08-12T11:25:33.871" >
            <step title="Building" date="2025-08-12T11:25:33.960" >
              <step title="Executing external process" date="2025-08-12T11:25:34.144" type="process" path="bash" arguments="-c &quot;oryx build /tmp/zipdeploy/extracted -o /home/site/wwwroot --platform nodejs --platform-version 20 -p virtualenv_name= --log-file /tmp/build-debug.log  -i /tmp/8ddd992f3f0a12b -p compress_node_modules=tar-gz | tee /tmp/oryx-build.log ; exit $PIPESTATUS &quot;" /><!-- duration: 67370ms -->
              <step title="Using GenericDeploymentLogParser" date="2025-08-12T11:26:41.756" /><!-- duration: 2ms -->
              <step title="Modified file to trigger a restart of the app container." date="2025-08-12T11:26:42.459" /><!-- duration: 12ms -->
              <step title="Skip function trigger and logicapp sync because function is not enabled." date="2025-08-12T11:26:42.474" /><!-- duration: 2ms -->
              <step title="Purge deployment items" date="2025-08-12T11:26:42.990" >
                <step title="Remove f1a6e013-, Failed, received at 08/12/2025 11:23:07" date="2025-08-12T11:26:43.023" /><!-- duration: 2ms -->
              </step><!-- duration: 36ms -->
            </step><!-- duration: 69112ms -->
          </step><!-- duration: 69206ms -->
          <step title="Cleaning up temp files" date="2025-08-12T11:26:43.078" /><!-- duration: 795ms -->
          <step title="Cleaning up temp files" date="2025-08-12T11:26:43.877" /><!-- duration: 503ms -->
          <step title="Reloading status file with latest updates" date="2025-08-12T11:26:44.415" >
            <step title="WebHooksManager.PublishEventAsync: PostDeployment" date="2025-08-12T11:26:44.417" /><!-- duration: 18ms -->
          </step><!-- duration: 22ms -->
          <step title="Cleaning up temporary deployment - fetch deployment was successful" date="2025-08-12T11:26:44.440" /><!-- duration: 2ms -->
        </step><!-- duration: 70697ms -->
      </step><!-- duration: 72085ms -->
