<step title="BackgroundTrace" date="2025-08-13T08:13:42.378" instance="6fd4f9" url="/api/publish" method="POST" >
  <step title="Creating temporary deployment - FetchDeploymentManager" date="2025-08-13T08:13:42.462" /><!-- duration: 2ms -->
  <step title="Creating temporary deployment" date="2025-08-13T08:13:42.470" /><!-- duration: 39ms -->
  <step title="Performing fetch based deployment" date="2025-08-13T08:13:42.539" >
    <step title="Cleaning up temp folders from previous zip deployments and extracting pushed zip file /tmp/zipdeploy/f1272b4e-94ee-4639-84f2-e1d4138018d1.zip (34.49 MB) to /tmp/zipdeploy/extracted" date="2025-08-13T08:13:43.647" >
      <step title="ChmodRecursive Process exited with total time taken in ms: 87" date="2025-08-13T08:13:45.568" /><!-- duration: 4ms -->
    </step><!-- duration: 1929ms -->
    <step title="Deployment timer started" date="2025-08-13T08:13:47.581" >
      <step title="DeploymentManager.Deploy(id:c6c6aaf1-0521-4b32-a9f5-70124cad5919)" date="2025-08-13T08:13:47.587" >
        <step title="Collecting changeset information" date="2025-08-13T08:13:47.598" /><!-- duration: 125ms -->
        <step title="Updating submodules" date="2025-08-13T08:13:47.726" /><!-- duration: 1079ms -->
        <step title="Determining deployment builder" date="2025-08-13T08:13:48.965" >
          <step title="Builder is OryxBuilder" date="2025-08-13T08:13:48.973" /><!-- duration: 2ms -->
        </step><!-- duration: 12ms -->
        <step title="PreDeployment: context.CleanOutputPath False" date="2025-08-13T08:13:49.007" >
          <step title="PreDeployment: context.OutputPath /home/site/wwwroot" date="2025-08-13T08:13:49.086" >
            <step title="Building" date="2025-08-13T08:13:49.202" >
              <step title="Executing external process" date="2025-08-13T08:13:49.432" type="process" path="bash" arguments="-c &quot;oryx build /tmp/zipdeploy/extracted -o /home/site/wwwroot --platform nodejs --platform-version 20 -p virtualenv_name= --log-file /tmp/build-debug.log  -i /tmp/8ddda4154f8b105 -p compress_node_modules=tar-gz | tee /tmp/oryx-build.log ; exit $PIPESTATUS &quot;" /><!-- duration: 83583ms -->
              <step title="Using GenericDeploymentLogParser" date="2025-08-13T08:15:13.538" /><!-- duration: 6ms -->
              <step title="Modified file to trigger a restart of the app container." date="2025-08-13T08:15:14.256" /><!-- duration: 3ms -->
              <step title="Skip function trigger and logicapp sync because function is not enabled." date="2025-08-13T08:15:14.261" /><!-- duration: 2ms -->
              <step title="Purge deployment items" date="2025-08-13T08:15:15.024" >
                <step title="Remove 3ed5be1b-, Failed, received at 08/13/2025 07:41:44" date="2025-08-13T08:15:15.067" /><!-- duration: 2ms -->
                <step title="Remove 80de1dc7-, Success, received at 08/12/2025 11:38:59" date="2025-08-13T08:15:15.128" /><!-- duration: 2ms -->
              </step><!-- duration: 109ms -->
            </step><!-- duration: 85974ms -->
          </step><!-- duration: 86095ms -->
          <step title="Cleaning up temp files" date="2025-08-13T08:15:15.184" /><!-- duration: 977ms -->
          <step title="Cleaning up temp files" date="2025-08-13T08:15:16.166" /><!-- duration: 504ms -->
          <step title="Reloading status file with latest updates" date="2025-08-13T08:15:16.692" >
            <step title="WebHooksManager.PublishEventAsync: PostDeployment" date="2025-08-13T08:15:16.695" /><!-- duration: 17ms -->
          </step><!-- duration: 22ms -->
          <step title="Cleaning up temporary deployment - fetch deployment was successful" date="2025-08-13T08:15:16.718" /><!-- duration: 5ms -->
        </step><!-- duration: 87758ms -->
      </step><!-- duration: 89189ms -->
