<step title="BackgroundTrace" date="2025-08-15T11:53:58.885" instance="6fd4f9" url="/api/publish" method="POST" >
  <step title="Creating temporary deployment - FetchDeploymentManager" date="2025-08-15T11:53:58.914" /><!-- duration: 2ms -->
  <step title="Creating temporary deployment" date="2025-08-15T11:53:58.918" /><!-- duration: 32ms -->
  <step title="Performing fetch based deployment" date="2025-08-15T11:53:58.965" >
    <step title="Cleaning up temp folders from previous zip deployments and extracting pushed zip file /tmp/zipdeploy/1ba7ffcc-5381-4ebc-bedf-447c552ea68f.zip (34.39 MB) to /tmp/zipdeploy/extracted" date="2025-08-15T11:54:00.136" >
      <step title="ChmodRecursive Process exited with total time taken in ms: 89" date="2025-08-15T11:54:02.466" /><!-- duration: 6ms -->
    </step><!-- duration: 2338ms -->
    <step title="Deployment timer started" date="2025-08-15T11:54:04.479" >
      <step title="DeploymentManager.Deploy(id:d8be214a-9f30-44cd-9ad6-f9c2c621ab21)" date="2025-08-15T11:54:04.487" >
        <step title="Collecting changeset information" date="2025-08-15T11:54:04.497" /><!-- duration: 61ms -->
        <step title="Updating submodules" date="2025-08-15T11:54:04.562" /><!-- duration: 1074ms -->
        <step title="Determining deployment builder" date="2025-08-15T11:54:05.791" >
          <step title="Builder is OryxBuilder" date="2025-08-15T11:54:05.798" /><!-- duration: 2ms -->
        </step><!-- duration: 11ms -->
        <step title="PreDeployment: context.CleanOutputPath False" date="2025-08-15T11:54:05.833" >
          <step title="PreDeployment: context.OutputPath /home/site/wwwroot" date="2025-08-15T11:54:05.912" >
            <step title="Building" date="2025-08-15T11:54:06.063" >
              <step title="Executing external process" date="2025-08-15T11:54:06.232" type="process" path="bash" arguments="-c &quot;oryx build /tmp/zipdeploy/extracted -o /home/site/wwwroot --platform nodejs --platform-version 20 -p virtualenv_name= --log-file /tmp/build-debug.log  -i /tmp/8dddbf26fa3b2d8 -p compress_node_modules=tar-gz | tee /tmp/oryx-build.log ; exit $PIPESTATUS &quot;" >
                <step title="Cpu: rsync(44665,0.110s)+rsync(44664,1.340s)+rsync(44663,0.310s)+build.sh(44455,0.010s)+oryx(44434,2.770s)+tee(44435,0.000s)+bash(44433,0.000s)=total(4.540s)" date="2025-08-15T11:56:13.391" /><!-- duration: 17ms -->
                <step title="bash: no io activity for 60s, prev-cpu=-1.000s, current-cpu=4.540s" date="2025-08-15T11:56:13.412" /><!-- duration: 11ms -->
              </step><!-- duration: 170955ms -->
              <step title="Using GenericDeploymentLogParser" date="2025-08-15T11:56:57.443" /><!-- duration: 2ms -->
              <step title="Modified file to trigger a restart of the app container." date="2025-08-15T11:56:58.271" /><!-- duration: 2ms -->
              <step title="Skip function trigger and logicapp sync because function is not enabled." date="2025-08-15T11:56:58.275" /><!-- duration: 2ms -->
              <step title="Purge deployment items" date="2025-08-15T11:56:59.236" >
                <step title="Remove b9dcfe56-, Success, received at 08/13/2025 05:04:39" date="2025-08-15T11:56:59.306" /><!-- duration: 2ms -->
              </step><!-- duration: 75ms -->
            </step><!-- duration: 173298ms -->
          </step><!-- duration: 173456ms -->
          <step title="Cleaning up temp files" date="2025-08-15T11:56:59.370" /><!-- duration: 972ms -->
          <step title="Cleaning up temp files" date="2025-08-15T11:57:00.348" /><!-- duration: 503ms -->
          <step title="Reloading status file with latest updates" date="2025-08-15T11:57:00.871" >
            <step title="WebHooksManager.PublishEventAsync: PostDeployment" date="2025-08-15T11:57:00.874" /><!-- duration: 21ms -->
          </step><!-- duration: 25ms -->
          <step title="Cleaning up temporary deployment - fetch deployment was successful" date="2025-08-15T11:57:00.900" /><!-- duration: 2ms -->
        </step><!-- duration: 175107ms -->
      </step><!-- duration: 176462ms -->
