<step title="Incoming Request" date="2025-08-13T12:01:20.282" instance="6fd4f9" url="/api/deployments/latest?deployer=OneDeploy&amp;time=2025-08-13_12-00-00Z" method="GET" type="request" pid="821,1,29" Host="travelbuddy-b2c6hgbbgeh4esdh.scm.eastus2-01.azurewebsites.net" User-Agent="GITHUBACTIONS_DeployWebAppToAzure_b1f87d90bb83c0ff7e0432d6ceec70194ee9cebfedda360691d391da7dc88767" Authorization="Bas..." Content-Type="application/json; charset=utf-8" Cookie="ARRAffinity=6fd4f9abf47ac49596ce3a6d8a1fde8f9b930131954ada4e64c68328b6ffcfc8;Path=/;HttpOnly;Secure;Domain=travelbuddy-b2c6hgbbgeh4esdh.scm.eastus2-01.azurewebsites.net; ARRAffinitySameSite=6fd4f9abf47ac49596ce3a6d8a1fde8f9b930131954ada4e64c68328b6ffcfc8;Path=/;HttpOnly;SameSite=None;Secure;Domain=travelbuddy-b2c6hgbbgeh4esdh.scm.eastus2-01.azurewebsites.net" Content-Length="0" X-ARR-LOG-ID="635514ec-6c02-4a8c-b1f4-1fcf7b97ee73" CLIENT-IP="52.173.163.38:46016" X-SITE-DEPLOYMENT-ID="travelbuddy" WAS-DEFAULT-HOSTNAME="travelbuddy-b2c6hgbbgeh4esdh.scm.eastus2-01.azurewebsites.net" X-Forwarded-Proto="https" X-AppService-Proto="https" X-Forwarded-TlsVersion="1.3" X-WAWS-Unencoded-URL="/api/deployments/latest?deployer=OneDeploy&amp;time=2025-08-13_12-00-00Z" X-Client-IP="52.173.163.38" X-Client-Port="46016" >
  <step title="Cleanup Xml Logs" date="2025-08-13T12:01:20.300" >
    <step title="Cleanup Infos" date="2025-08-13T12:01:20.328" totalFiles="446" totalCleanup="286" /><!-- duration: 4ms -->
  </step><!-- duration: 35ms -->
  <step title="DeploymentService.GetResult" date="2025-08-13T12:01:20.343" >
    <step title="DeploymentService.GetLatestDeployment" date="2025-08-13T12:01:20.346" >
      <step title="DeploymentManager.GetResults" date="2025-08-13T12:01:20.350" /><!-- duration: 449ms -->
    </step><!-- duration: 456ms -->
  </step><!-- duration: 462ms -->
  <step title="Outgoing response" date="2025-08-13T12:01:20.808" type="response" statusCode="202" statusText="Accepted" /><!-- duration: 3ms -->
</step><!-- duration: 532ms -->
