<step title="Incoming Request" date="2025-08-13T10:56:34.777" instance="6fd4f9" url="/api/publish?async=true&amp;deployer=GITHUB_ONE_DEPLOY&amp;type=zip&amp;message=%7B%22type%22%3A%22deployment%22%2C%22sha%22%3A%22bf8751c87ec41fba51cac567163daf7b1fd4a55e%22%2C%22repoName%22%3A%22deepalweb%2Ftravelbuddy%22%2C%22actor%22%3A%22deepalweb%22%2C%22slotName%22%3A%22production%22%2C%22commitMessage%22%3A%22feat(planner)%3A%20inline%2C%20page-based%20flow%20for%20one-day%20and%20multi-day%20planners%3B%20remove%20modal%20usage%20and%20wire%20save%20actions%22%7D" method="POST" type="request" pid="821,1,69" Host="travelbuddy-b2c6hgbbgeh4esdh.scm.eastus2-01.azurewebsites.net" User-Agent="GITHUBACTIONS_DeployWebAppToAzure_b1f87d90bb83c0ff7e0432d6ceec70194ee9cebfedda360691d391da7dc88767" Authorization="Bas..." Content-Type="application/octet-stream" Cookie="ARRAffinity=6fd4f9abf47ac49596ce3a6d8a1fde8f9b930131954ada4e64c68328b6ffcfc8;Path=/;HttpOnly;Secure;Domain=travelbuddy-b2c6hgbbgeh4esdh.scm.eastus2-01.azurewebsites.net; ARRAffinitySameSite=6fd4f9abf47ac49596ce3a6d8a1fde8f9b930131954ada4e64c68328b6ffcfc8;Path=/;HttpOnly;SameSite=None;Secure;Domain=travelbuddy-b2c6hgbbgeh4esdh.scm.eastus2-01.azurewebsites.net" Transfer-Encoding="chunked" X-ARR-LOG-ID="41cfb65a-5d79-4fc8-a1b0-8b0e1d6c6034" CLIENT-IP="145.132.99.131:37921" X-SITE-DEPLOYMENT-ID="travelbuddy" WAS-DEFAULT-HOSTNAME="travelbuddy-b2c6hgbbgeh4esdh.scm.eastus2-01.azurewebsites.net" X-Forwarded-Proto="https" X-AppService-Proto="https" X-Forwarded-TlsVersion="1.3" X-WAWS-Unencoded-URL="/api/publish?async=true&amp;deployer=GITHUB_ONE_DEPLOY&amp;type=zip&amp;message=%7B%22type%22%3A%22deployment%22%2C%22sha%22%3A%22bf8751c87ec41fba51cac567163daf7b1fd4a55e%22%2C%22repoName%22%3A%22deepalweb%2Ftravelbuddy%22%2C%22actor%22%3A%22deepalweb%22%2C%22slotName%22%3A%22production%22%2C%22commitMessage%22%3A%22feat(planner)%3A%20inline%2C%20page-based%20flow%20for%20one-day%20and%20multi-day%20planners%3B%20remove%20modal%20usage%20and%20wire%20save%20actions%22%7D" X-Client-IP="145.132.99.131" X-Client-Port="37921" >
  <step title="Cleanup Xml Logs" date="2025-08-13T10:56:34.780" >
    <step title="Cleanup Infos" date="2025-08-13T10:56:34.789" totalFiles="408" totalCleanup="248" /><!-- duration: 3ms -->
  </step><!-- duration: 14ms -->
  <step title="OneDeploy" date="2025-08-13T10:56:34.806" >
    <step title="Starting PushDeployAsync" date="2025-08-13T10:56:34.811" /><!-- duration: 2ms -->
    <step title="Removing node_modules symlink" date="2025-08-13T10:56:34.821" >
      <step title="Writing artifact to /tmp/zipdeploy/8b2488c9-b342-415b-be51-e2c855cd4567.zip" date="2025-08-13T10:56:34.836" >
        <step title="Writing multipart request body to /tmp/zipdeploy/8b2488c9-b342-415b-be51-e2c855cd4567.zip" date="2025-08-13T10:56:34.839" /><!-- duration: 2ms -->
      </step><!-- duration: 137ms -->
      <step title="Removing previous build artifact&apos;s manifest file" date="2025-08-13T10:56:34.977" >
        <step title="Start deployment in the background" date="2025-08-13T10:56:34.984" >
          <step title="Acquiring Deployment Lock" date="2025-08-13T10:56:34.991" /><!-- duration: 2ms -->
          <step title="Acquired Deployment Lock" date="2025-08-13T10:56:35.011" /><!-- duration: 2ms -->
        </step><!-- duration: 75ms -->
      </step><!-- duration: 92ms -->
      <step title="Outgoing response" date="2025-08-13T10:56:35.229" type="response" statusCode="202" statusText="Accepted" /><!-- duration: 3ms -->
    </step><!-- duration: 413ms -->
