<step title="BackgroundTrace" date="2025-08-12T15:35:23.468" instance="6fd4f9" url="/api/publish" method="POST" >
  <step title="Creating temporary deployment - FetchDeploymentManager" date="2025-08-12T15:35:23.496" /><!-- duration: 2ms -->
  <step title="Creating temporary deployment" date="2025-08-12T15:35:23.501" /><!-- duration: 92ms -->
  <step title="Performing fetch based deployment" date="2025-08-12T15:35:23.609" >
    <step title="Cleaning up temp folders from previous zip deployments and extracting pushed zip file /tmp/zipdeploy/b6b4e77a-4d41-41cc-af1c-6eb0400fd5ad.zip (34.41 MB) to /tmp/zipdeploy/extracted" date="2025-08-12T15:35:24.749" >
      <step title="ChmodRecursive Process exited with total time taken in ms: 86" date="2025-08-12T15:35:26.683" /><!-- duration: 4ms -->
    </step><!-- duration: 1940ms -->
    <step title="Deployment timer started" date="2025-08-12T15:35:28.698" >
      <step title="DeploymentManager.Deploy(id:30394b21-e8b6-4a5d-a3b4-d06119deb1c7)" date="2025-08-12T15:35:28.702" >
        <step title="Collecting changeset information" date="2025-08-12T15:35:28.709" /><!-- duration: 59ms -->
        <step title="Updating submodules" date="2025-08-12T15:35:28.773" /><!-- duration: 1087ms -->
        <step title="Determining deployment builder" date="2025-08-12T15:35:30.007" >
          <step title="Builder is OryxBuilder" date="2025-08-12T15:35:30.012" /><!-- duration: 2ms -->
        </step><!-- duration: 9ms -->
        <step title="PreDeployment: context.CleanOutputPath False" date="2025-08-12T15:35:30.042" >
          <step title="PreDeployment: context.OutputPath /home/site/wwwroot" date="2025-08-12T15:35:30.123" >
            <step title="Building" date="2025-08-12T15:35:30.208" >
              <step title="Executing external process" date="2025-08-12T15:35:30.403" type="process" path="bash" arguments="-c &quot;oryx build /tmp/zipdeploy/extracted -o /home/site/wwwroot --platform nodejs --platform-version 20 -p virtualenv_name= --log-file /tmp/build-debug.log  -i /tmp/8ddd9b5de688fae -p compress_node_modules=tar-gz | tee /tmp/oryx-build.log ; exit $PIPESTATUS &quot;" /><!-- duration: 81449ms -->
              <step title="Using GenericDeploymentLogParser" date="2025-08-12T15:36:52.146" /><!-- duration: 2ms -->
              <step title="Modified file to trigger a restart of the app container." date="2025-08-12T15:36:53.014" /><!-- duration: 4ms -->
              <step title="Skip function trigger and logicapp sync because function is not enabled." date="2025-08-12T15:36:53.020" /><!-- duration: 2ms -->
            </step><!-- duration: 83533ms -->
          </step><!-- duration: 83623ms -->
          <step title="Cleaning up temp files" date="2025-08-12T15:36:53.748" /><!-- duration: 1044ms -->
          <step title="Cleaning up temp files" date="2025-08-12T15:36:54.799" /><!-- duration: 503ms -->
          <step title="Reloading status file with latest updates" date="2025-08-12T15:36:55.336" >
            <step title="WebHooksManager.PublishEventAsync: PostDeployment" date="2025-08-12T15:36:55.338" /><!-- duration: 17ms -->
          </step><!-- duration: 22ms -->
          <step title="Cleaning up temporary deployment - fetch deployment was successful" date="2025-08-12T15:36:55.361" /><!-- duration: 2ms -->
        </step><!-- duration: 85350ms -->
      </step><!-- duration: 86698ms -->
