<step title="Incoming Request" date="2025-08-13T06:55:45.242" instance="6fd4f9" url="/api/publish?async=true&amp;deployer=GITHUB_ONE_DEPLOY&amp;type=zip&amp;message=%7B%22type%22%3A%22deployment%22%2C%22sha%22%3A%228c0d25289f47990a9d4dedb5a5e8bb65b3e2794f%22%2C%22repoName%22%3A%22deepalweb%2Ftravelbuddy%22%2C%22actor%22%3A%22deepalweb%22%2C%22slotName%22%3A%22production%22%2C%22commitMessage%22%3A%22Perf%3A%20parallelize%20data%20loads%2C%20paginate%20posts%20(limit%2Fsince)%2C%20lean%20projection%2C%20gzip%20compression%22%7D" method="POST" type="request" pid="821,1,7" Host="travelbuddy-b2c6hgbbgeh4esdh.scm.eastus2-01.azurewebsites.net" User-Agent="GITHUBACTIONS_DeployWebAppToAzure_b1f87d90bb83c0ff7e0432d6ceec70194ee9cebfedda360691d391da7dc88767" Authorization="Bas..." Content-Type="application/octet-stream" Cookie="ARRAffinity=6fd4f9abf47ac49596ce3a6d8a1fde8f9b930131954ada4e64c68328b6ffcfc8;Path=/;HttpOnly;Secure;Domain=travelbuddy-b2c6hgbbgeh4esdh.scm.eastus2-01.azurewebsites.net; ARRAffinitySameSite=6fd4f9abf47ac49596ce3a6d8a1fde8f9b930131954ada4e64c68328b6ffcfc8;Path=/;HttpOnly;SameSite=None;Secure;Domain=travelbuddy-b2c6hgbbgeh4esdh.scm.eastus2-01.azurewebsites.net" Transfer-Encoding="chunked" X-ARR-LOG-ID="c5d94ba0-e2a4-4fe3-8827-fbda2f9e9c6e" CLIENT-IP="172.174.167.17:16409" X-SITE-DEPLOYMENT-ID="travelbuddy" WAS-DEFAULT-HOSTNAME="travelbuddy-b2c6hgbbgeh4esdh.scm.eastus2-01.azurewebsites.net" X-Forwarded-Proto="https" X-AppService-Proto="https" X-Forwarded-TlsVersion="1.3" X-WAWS-Unencoded-URL="/api/publish?async=true&amp;deployer=GITHUB_ONE_DEPLOY&amp;type=zip&amp;message=%7B%22type%22%3A%22deployment%22%2C%22sha%22%3A%228c0d25289f47990a9d4dedb5a5e8bb65b3e2794f%22%2C%22repoName%22%3A%22deepalweb%2Ftravelbuddy%22%2C%22actor%22%3A%22deepalweb%22%2C%22slotName%22%3A%22production%22%2C%22commitMessage%22%3A%22Perf%3A%20parallelize%20data%20loads%2C%20paginate%20posts%20(limit%2Fsince)%2C%20lean%20projection%2C%20gzip%20compression%22%7D" X-Client-IP="172.174.167.17" X-Client-Port="16409" >
  <step title="Cleanup Xml Logs" date="2025-08-13T06:55:45.244" >
    <step title="Cleanup Infos" date="2025-08-13T06:55:45.251" totalFiles="256" totalCleanup="96" /><!-- duration: 3ms -->
  </step><!-- duration: 12ms -->
  <step title="OneDeploy" date="2025-08-13T06:55:45.296" >
    <step title="None repository commit" date="2025-08-13T06:55:45.307" >
      <step title="Commit id: 5fca07b6-013f-493d-90d5-5811ad688cf0" date="2025-08-13T06:55:45.309" Message="N/A" AuthorName="N/A" AuthorEmail="N/A" /><!-- duration: 2ms -->
    </step><!-- duration: 6ms -->
    <step title="Starting PushDeployAsync" date="2025-08-13T06:55:45.315" /><!-- duration: 2ms -->
    <step title="Removing node_modules symlink" date="2025-08-13T06:55:45.328" >
      <step title="Removing _del_node_modules symlink" date="2025-08-13T06:55:45.351" >
        <step title="Writing artifact to /tmp/zipdeploy/d129b643-aa51-4bd9-989f-1df271d77641.zip" date="2025-08-13T06:55:45.360" >
          <step title="Writing multipart request body to /tmp/zipdeploy/d129b643-aa51-4bd9-989f-1df271d77641.zip" date="2025-08-13T06:55:45.363" /><!-- duration: 2ms -->
        </step><!-- duration: 203ms -->
        <step title="Removing previous build artifact&apos;s manifest file" date="2025-08-13T06:55:45.569" >
          <step title="Start deployment in the background" date="2025-08-13T06:55:45.767" >
            <step title="Acquiring Deployment Lock" date="2025-08-13T06:55:45.775" /><!-- duration: 2ms -->
            <step title="Acquired Deployment Lock" date="2025-08-13T06:55:45.812" /><!-- duration: 2ms -->
          </step><!-- duration: 113ms -->
        </step><!-- duration: 316ms -->
        <step title="Outgoing response" date="2025-08-13T06:55:45.890" type="response" statusCode="202" statusText="Accepted" /><!-- duration: 2ms -->
      </step><!-- duration: 543ms -->
