<step title="Incoming Request" date="2025-08-13T08:14:10.595" instance="6fd4f9" url="/api/deployments/latest?deployer=OneDeploy&amp;time=2025-08-13_08-13-42Z" method="GET" type="request" pid="821,1,20" Host="travelbuddy-b2c6hgbbgeh4esdh.scm.eastus2-01.azurewebsites.net" User-Agent="GITHUBACTIONS_DeployWebAppToAzure_b1f87d90bb83c0ff7e0432d6ceec70194ee9cebfedda360691d391da7dc88767" Authorization="Bas..." Content-Type="application/json; charset=utf-8" Cookie="ARRAffinity=6fd4f9abf47ac49596ce3a6d8a1fde8f9b930131954ada4e64c68328b6ffcfc8;Path=/;HttpOnly;Secure;Domain=travelbuddy-b2c6hgbbgeh4esdh.scm.eastus2-01.azurewebsites.net; ARRAffinitySameSite=6fd4f9abf47ac49596ce3a6d8a1fde8f9b930131954ada4e64c68328b6ffcfc8;Path=/;HttpOnly;SameSite=None;Secure;Domain=travelbuddy-b2c6hgbbgeh4esdh.scm.eastus2-01.azurewebsites.net" Content-Length="0" X-ARR-LOG-ID="fef61fb3-5242-43af-bbaf-81f2ee6bc669" CLIENT-IP="172.178.119.22:46082" X-SITE-DEPLOYMENT-ID="travelbuddy" WAS-DEFAULT-HOSTNAME="travelbuddy-b2c6hgbbgeh4esdh.scm.eastus2-01.azurewebsites.net" X-Forwarded-Proto="https" X-AppService-Proto="https" X-Forwarded-TlsVersion="1.3" X-WAWS-Unencoded-URL="/api/deployments/latest?deployer=OneDeploy&amp;time=2025-08-13_08-13-42Z" X-Client-IP="172.178.119.22" X-Client-Port="46082" >
  <step title="Cleanup Xml Logs" date="2025-08-13T08:14:10.599" >
    <step title="Cleanup Infos" date="2025-08-13T08:14:10.613" totalFiles="324" totalCleanup="164" /><!-- duration: 6ms -->
  </step><!-- duration: 22ms -->
  <step title="DeploymentService.GetResult" date="2025-08-13T08:14:10.626" >
    <step title="DeploymentService.GetLatestDeployment" date="2025-08-13T08:14:10.628" >
      <step title="DeploymentManager.GetResults" date="2025-08-13T08:14:10.631" /><!-- duration: 494ms -->
    </step><!-- duration: 499ms -->
  </step><!-- duration: 504ms -->
  <step title="Outgoing response" date="2025-08-13T08:14:11.135" type="response" statusCode="202" statusText="Accepted" /><!-- duration: 3ms -->
</step><!-- duration: 544ms -->
