<step title="Incoming Request" date="2025-08-12T11:48:23.733" instance="6fd4f9" url="/api/publish?async=true&amp;deployer=GITHUB_ONE_DEPLOY&amp;type=zip&amp;message=%7B%22type%22%3A%22deployment%22%2C%22sha%22%3A%220c33de928676e90fbcd52eb830096fb9b79a59c2%22%2C%22repoName%22%3A%22deepalweb%2Ftravelbuddy%22%2C%22actor%22%3A%22deepalweb%22%2C%22slotName%22%3A%22production%22%2C%22commitMessage%22%3A%22fix(build)%3A%20improve%20Firebase%20chunk%20bundling%20to%20prevent%20initialization%20errors%22%7D" method="POST" type="request" pid="820,1,32" Host="travelbuddy-b2c6hgbbgeh4esdh.scm.eastus2-01.azurewebsites.net" User-Agent="GITHUBACTIONS_DeployWebAppToAzure_b1f87d90bb83c0ff7e0432d6ceec70194ee9cebfedda360691d391da7dc88767" Authorization="Bas..." Content-Type="application/octet-stream" Cookie="ARRAffinity=6fd4f9abf47ac49596ce3a6d8a1fde8f9b930131954ada4e64c68328b6ffcfc8;Path=/;HttpOnly;Secure;Domain=travelbuddy-b2c6hgbbgeh4esdh.scm.eastus2-01.azurewebsites.net; ARRAffinitySameSite=6fd4f9abf47ac49596ce3a6d8a1fde8f9b930131954ada4e64c68328b6ffcfc8;Path=/;HttpOnly;SameSite=None;Secure;Domain=travelbuddy-b2c6hgbbgeh4esdh.scm.eastus2-01.azurewebsites.net" Transfer-Encoding="chunked" X-ARR-LOG-ID="54e9e2ec-f60f-4ec6-a497-6de95a882047" CLIENT-IP="20.172.6.71:2113" X-SITE-DEPLOYMENT-ID="travelbuddy" WAS-DEFAULT-HOSTNAME="travelbuddy-b2c6hgbbgeh4esdh.scm.eastus2-01.azurewebsites.net" X-Forwarded-Proto="https" X-AppService-Proto="https" X-Forwarded-TlsVersion="1.3" X-WAWS-Unencoded-URL="/api/publish?async=true&amp;deployer=GITHUB_ONE_DEPLOY&amp;type=zip&amp;message=%7B%22type%22%3A%22deployment%22%2C%22sha%22%3A%220c33de928676e90fbcd52eb830096fb9b79a59c2%22%2C%22repoName%22%3A%22deepalweb%2Ftravelbuddy%22%2C%22actor%22%3A%22deepalweb%22%2C%22slotName%22%3A%22production%22%2C%22commitMessage%22%3A%22fix(build)%3A%20improve%20Firebase%20chunk%20bundling%20to%20prevent%20initialization%20errors%22%7D" X-Client-IP="20.172.6.71" X-Client-Port="2113" >
  <step title="Cleanup Xml Logs" date="2025-08-12T11:48:23.736" /><!-- duration: 4ms -->
  <step title="OneDeploy" date="2025-08-12T11:48:23.745" >
    <step title="Starting PushDeployAsync" date="2025-08-12T11:48:23.749" /><!-- duration: 2ms -->
    <step title="Removing node_modules symlink" date="2025-08-12T11:48:23.757" >
      <step title="Writing artifact to /tmp/zipdeploy/787d207f-db55-4234-8404-97a39ef7b02c.zip" date="2025-08-12T11:48:23.773" >
        <step title="Writing multipart request body to /tmp/zipdeploy/787d207f-db55-4234-8404-97a39ef7b02c.zip" date="2025-08-12T11:48:23.775" /><!-- duration: 2ms -->
      </step><!-- duration: 772ms -->
      <step title="Removing previous build artifact&apos;s manifest file" date="2025-08-12T11:48:24.549" >
        <step title="Start deployment in the background" date="2025-08-12T11:48:24.560" >
          <step title="Acquiring Deployment Lock" date="2025-08-12T11:48:24.569" /><!-- duration: 2ms -->
          <step title="Acquired Deployment Lock" date="2025-08-12T11:48:24.588" /><!-- duration: 6ms -->
        </step><!-- duration: 93ms -->
      </step><!-- duration: 106ms -->
      <step title="Outgoing response" date="2025-08-12T11:48:24.657" type="response" statusCode="202" statusText="Accepted" /><!-- duration: 2ms -->
    </step><!-- duration: 904ms -->
