<step title="Incoming Request" date="2025-08-13T07:41:56.448" instance="6fd4f9" url="/api/deployments/latest?deployer=OneDeploy&amp;time=2025-08-13_07-41-39Z" method="GET" type="request" pid="821,1,28" Host="travelbuddy-b2c6hgbbgeh4esdh.scm.eastus2-01.azurewebsites.net" User-Agent="GITHUBACTIONS_DeployWebAppToAzure_b1f87d90bb83c0ff7e0432d6ceec70194ee9cebfedda360691d391da7dc88767" Authorization="Bas..." Content-Type="application/json; charset=utf-8" Cookie="ARRAffinity=6fd4f9abf47ac49596ce3a6d8a1fde8f9b930131954ada4e64c68328b6ffcfc8;Path=/;HttpOnly;Secure;Domain=travelbuddy-b2c6hgbbgeh4esdh.scm.eastus2-01.azurewebsites.net; ARRAffinitySameSite=6fd4f9abf47ac49596ce3a6d8a1fde8f9b930131954ada4e64c68328b6ffcfc8;Path=/;HttpOnly;SameSite=None;Secure;Domain=travelbuddy-b2c6hgbbgeh4esdh.scm.eastus2-01.azurewebsites.net" Content-Length="0" X-ARR-LOG-ID="acaffb7b-7143-4c57-9edb-40fdff91e416" CLIENT-IP="172.182.213.5:14336" X-SITE-DEPLOYMENT-ID="travelbuddy" WAS-DEFAULT-HOSTNAME="travelbuddy-b2c6hgbbgeh4esdh.scm.eastus2-01.azurewebsites.net" X-Forwarded-Proto="https" X-AppService-Proto="https" X-Forwarded-TlsVersion="1.3" X-WAWS-Unencoded-URL="/api/deployments/latest?deployer=OneDeploy&amp;time=2025-08-13_07-41-39Z" X-Client-IP="172.182.213.5" X-Client-Port="14336" >
  <step title="Cleanup Xml Logs" date="2025-08-13T07:41:56.451" >
    <step title="Cleanup Infos" date="2025-08-13T07:41:56.467" totalFiles="308" totalCleanup="148" /><!-- duration: 2ms -->
  </step><!-- duration: 19ms -->
  <step title="DeploymentService.GetResult" date="2025-08-13T07:41:56.476" >
    <step title="DeploymentService.GetLatestDeployment" date="2025-08-13T07:41:56.478" >
      <step title="DeploymentManager.GetResults" date="2025-08-13T07:41:56.481" /><!-- duration: 510ms -->
    </step><!-- duration: 520ms -->
  </step><!-- duration: 525ms -->
  <step title="Outgoing response" date="2025-08-13T07:41:57.007" type="response" statusCode="202" statusText="Accepted" /><!-- duration: 4ms -->
</step><!-- duration: 566ms -->
