<step title="Incoming Request" date="2025-08-13T06:56:19.542" instance="6fd4f9" url="/api/deployments/latest?deployer=OneDeploy&amp;time=2025-08-13_06-55-45Z" method="GET" type="request" pid="821,1,19" Host="travelbuddy-b2c6hgbbgeh4esdh.scm.eastus2-01.azurewebsites.net" User-Agent="GITHUBACTIONS_DeployWebAppToAzure_b1f87d90bb83c0ff7e0432d6ceec70194ee9cebfedda360691d391da7dc88767" Authorization="Bas..." Content-Type="application/json; charset=utf-8" Cookie="ARRAffinity=6fd4f9abf47ac49596ce3a6d8a1fde8f9b930131954ada4e64c68328b6ffcfc8;Path=/;HttpOnly;Secure;Domain=travelbuddy-b2c6hgbbgeh4esdh.scm.eastus2-01.azurewebsites.net; ARRAffinitySameSite=6fd4f9abf47ac49596ce3a6d8a1fde8f9b930131954ada4e64c68328b6ffcfc8;Path=/;HttpOnly;SameSite=None;Secure;Domain=travelbuddy-b2c6hgbbgeh4esdh.scm.eastus2-01.azurewebsites.net" Content-Length="0" X-ARR-LOG-ID="43ddaf52-1746-4582-8d8d-23cd6ace9a45" CLIENT-IP="172.174.167.17:16409" X-SITE-DEPLOYMENT-ID="travelbuddy" WAS-DEFAULT-HOSTNAME="travelbuddy-b2c6hgbbgeh4esdh.scm.eastus2-01.azurewebsites.net" X-Forwarded-Proto="https" X-AppService-Proto="https" X-Forwarded-TlsVersion="1.3" X-WAWS-Unencoded-URL="/api/deployments/latest?deployer=OneDeploy&amp;time=2025-08-13_06-55-45Z" X-Client-IP="172.174.167.17" X-Client-Port="16409" >
  <step title="Cleanup Xml Logs" date="2025-08-13T06:56:19.554" >
    <step title="Cleanup Infos" date="2025-08-13T06:56:19.582" totalFiles="264" totalCleanup="104" /><!-- duration: 11ms -->
  </step><!-- duration: 41ms -->
  <step title="DeploymentService.GetResult" date="2025-08-13T06:56:19.610" >
    <step title="DeploymentService.GetLatestDeployment" date="2025-08-13T06:56:19.617" >
      <step title="DeploymentManager.GetResults" date="2025-08-13T06:56:19.620" /><!-- duration: 534ms -->
    </step><!-- duration: 553ms -->
  </step><!-- duration: 567ms -->
  <step title="Outgoing response" date="2025-08-13T06:56:20.184" type="response" statusCode="202" statusText="Accepted" /><!-- duration: 6ms -->
</step><!-- duration: 656ms -->
