<step title="Incoming Request" date="2025-08-12T16:30:54.450" instance="6fd4f9" url="/api/publish?async=true&amp;deployer=GITHUB_ONE_DEPLOY&amp;type=zip&amp;message=%7B%22type%22%3A%22deployment%22%2C%22sha%22%3A%228d0688409745ee3479f034d4cf5b86194240cc09%22%2C%22repoName%22%3A%22deepalweb%2Ftravelbuddy%22%2C%22actor%22%3A%22deepalweb%22%2C%22slotName%22%3A%22production%22%2C%22commitMessage%22%3A%22Community%3A%20add%20likes%20and%20comments%20backend%20endpoints%2C%20API%20client%2C%20and%20UI%20wiring%20(optimistic%20updates)%22%7D" method="POST" type="request" pid="820,1,24" Host="travelbuddy-b2c6hgbbgeh4esdh.scm.eastus2-01.azurewebsites.net" User-Agent="GITHUBACTIONS_DeployWebAppToAzure_b1f87d90bb83c0ff7e0432d6ceec70194ee9cebfedda360691d391da7dc88767" Authorization="Bas..." Content-Type="application/octet-stream" Cookie="ARRAffinity=6fd4f9abf47ac49596ce3a6d8a1fde8f9b930131954ada4e64c68328b6ffcfc8;Path=/;HttpOnly;Secure;Domain=travelbuddy-b2c6hgbbgeh4esdh.scm.eastus2-01.azurewebsites.net; ARRAffinitySameSite=6fd4f9abf47ac49596ce3a6d8a1fde8f9b930131954ada4e64c68328b6ffcfc8;Path=/;HttpOnly;SameSite=None;Secure;Domain=travelbuddy-b2c6hgbbgeh4esdh.scm.eastus2-01.azurewebsites.net" Transfer-Encoding="chunked" X-ARR-LOG-ID="1b70b1d6-d058-4081-a530-a1ea4c9331d2" CLIENT-IP="64.236.161.23:61505" X-SITE-DEPLOYMENT-ID="travelbuddy" WAS-DEFAULT-HOSTNAME="travelbuddy-b2c6hgbbgeh4esdh.scm.eastus2-01.azurewebsites.net" X-Forwarded-Proto="https" X-AppService-Proto="https" X-Forwarded-TlsVersion="1.3" X-WAWS-Unencoded-URL="/api/publish?async=true&amp;deployer=GITHUB_ONE_DEPLOY&amp;type=zip&amp;message=%7B%22type%22%3A%22deployment%22%2C%22sha%22%3A%228d0688409745ee3479f034d4cf5b86194240cc09%22%2C%22repoName%22%3A%22deepalweb%2Ftravelbuddy%22%2C%22actor%22%3A%22deepalweb%22%2C%22slotName%22%3A%22production%22%2C%22commitMessage%22%3A%22Community%3A%20add%20likes%20and%20comments%20backend%20endpoints%2C%20API%20client%2C%20and%20UI%20wiring%20(optimistic%20updates)%22%7D" X-Client-IP="64.236.161.23" X-Client-Port="61505" >
  <step title="Cleanup Xml Logs" date="2025-08-12T16:30:54.452" /><!-- duration: 5ms -->
  <step title="OneDeploy" date="2025-08-12T16:30:54.462" >
    <step title="Starting PushDeployAsync" date="2025-08-12T16:30:54.467" /><!-- duration: 1ms -->
    <step title="Removing node_modules symlink" date="2025-08-12T16:30:54.475" >
      <step title="Writing artifact to /tmp/zipdeploy/a2cd0bda-2c1a-4c9b-88a4-49aa318e08d4.zip" date="2025-08-12T16:30:54.490" >
        <step title="Writing multipart request body to /tmp/zipdeploy/a2cd0bda-2c1a-4c9b-88a4-49aa318e08d4.zip" date="2025-08-12T16:30:54.492" /><!-- duration: 2ms -->
      </step><!-- duration: 410ms -->
      <step title="Removing previous build artifact&apos;s manifest file" date="2025-08-12T16:30:54.904" >
        <step title="Start deployment in the background" date="2025-08-12T16:30:54.910" >
          <step title="Acquiring Deployment Lock" date="2025-08-12T16:30:54.915" /><!-- duration: 2ms -->
          <step title="Acquired Deployment Lock" date="2025-08-12T16:30:54.936" /><!-- duration: 2ms -->
        </step><!-- duration: 91ms -->
      </step><!-- duration: 99ms -->
      <step title="Outgoing response" date="2025-08-12T16:30:55.005" type="response" statusCode="202" statusText="Accepted" /><!-- duration: 2ms -->
    </step><!-- duration: 533ms -->
