<step title="Incoming Request" date="2025-08-15T11:53:58.503" instance="6fd4f9" url="/api/publish?async=true&amp;deployer=GITHUB_ONE_DEPLOY&amp;type=zip&amp;message=%7B%22type%22%3A%22deployment%22%2C%22sha%22%3A%22131229c35e665d9eeb650c80f273eba8cbce3c83%22%2C%22repoName%22%3A%22deepalweb%2Ftravelbuddy%22%2C%22actor%22%3A%22deepalweb%22%2C%22slotName%22%3A%22production%22%2C%22commitMessage%22%3A%22Delete%20mobile_app%20directory%22%7D" method="POST" type="request" pid="821,1,31" Host="travelbuddy-b2c6hgbbgeh4esdh.scm.eastus2-01.azurewebsites.net" User-Agent="GITHUBACTIONS_DeployWebAppToAzure_b1f87d90bb83c0ff7e0432d6ceec70194ee9cebfedda360691d391da7dc88767" Authorization="Bas..." Content-Type="application/octet-stream" Cookie="ARRAffinity=6fd4f9abf47ac49596ce3a6d8a1fde8f9b930131954ada4e64c68328b6ffcfc8;Path=/;HttpOnly;Secure;Domain=travelbuddy-b2c6hgbbgeh4esdh.scm.eastus2-01.azurewebsites.net; ARRAffinitySameSite=6fd4f9abf47ac49596ce3a6d8a1fde8f9b930131954ada4e64c68328b6ffcfc8;Path=/;HttpOnly;SameSite=None;Secure;Domain=travelbuddy-b2c6hgbbgeh4esdh.scm.eastus2-01.azurewebsites.net" Transfer-Encoding="chunked" X-ARR-LOG-ID="32fa202c-ae4f-43e1-9d69-c47b75023972" CLIENT-IP="64.236.169.129:49152" X-SITE-DEPLOYMENT-ID="travelbuddy" WAS-DEFAULT-HOSTNAME="travelbuddy-b2c6hgbbgeh4esdh.scm.eastus2-01.azurewebsites.net" X-Forwarded-Proto="https" X-AppService-Proto="https" X-Forwarded-TlsVersion="1.3" X-WAWS-Unencoded-URL="/api/publish?async=true&amp;deployer=GITHUB_ONE_DEPLOY&amp;type=zip&amp;message=%7B%22type%22%3A%22deployment%22%2C%22sha%22%3A%22131229c35e665d9eeb650c80f273eba8cbce3c83%22%2C%22repoName%22%3A%22deepalweb%2Ftravelbuddy%22%2C%22actor%22%3A%22deepalweb%22%2C%22slotName%22%3A%22production%22%2C%22commitMessage%22%3A%22Delete%20mobile_app%20directory%22%7D" X-Client-IP="64.236.169.129" X-Client-Port="49152" >
  <step title="Cleanup Xml Logs" date="2025-08-15T11:53:58.505" >
    <step title="Cleanup Infos" date="2025-08-15T11:53:58.515" totalFiles="451" totalCleanup="291" /><!-- duration: 2ms -->
  </step><!-- duration: 13ms -->
  <step title="OneDeploy" date="2025-08-15T11:53:58.524" >
    <step title="Starting PushDeployAsync" date="2025-08-15T11:53:58.529" /><!-- duration: 2ms -->
    <step title="Removing node_modules symlink" date="2025-08-15T11:53:58.587" >
      <step title="Writing artifact to /tmp/zipdeploy/1ba7ffcc-5381-4ebc-bedf-447c552ea68f.zip" date="2025-08-15T11:53:58.604" >
        <step title="Writing multipart request body to /tmp/zipdeploy/1ba7ffcc-5381-4ebc-bedf-447c552ea68f.zip" date="2025-08-15T11:53:58.607" /><!-- duration: 2ms -->
      </step><!-- duration: 266ms -->
      <step title="Removing previous build artifact&apos;s manifest file" date="2025-08-15T11:53:58.874" >
        <step title="Start deployment in the background" date="2025-08-15T11:53:58.880" >
          <step title="Acquiring Deployment Lock" date="2025-08-15T11:53:58.889" /><!-- duration: 2ms -->
          <step title="Acquired Deployment Lock" date="2025-08-15T11:53:58.910" /><!-- duration: 2ms -->
        </step><!-- duration: 72ms -->
      </step><!-- duration: 80ms -->
      <step title="Outgoing response" date="2025-08-15T11:53:58.956" type="response" statusCode="202" statusText="Accepted" /><!-- duration: 2ms -->
    </step><!-- duration: 373ms -->
