<step title="Incoming Request" date="2025-08-12T11:38:56.410" instance="6fd4f9" url="/api/publish?async=true&amp;deployer=GITHUB_ONE_DEPLOY&amp;type=zip&amp;message=%7B%22type%22%3A%22deployment%22%2C%22sha%22%3A%22bef6f89f1452232ff351cc20c2dc206fb4600cb6%22%2C%22repoName%22%3A%22deepalweb%2Ftravelbuddy%22%2C%22actor%22%3A%22deepalweb%22%2C%22slotName%22%3A%22production%22%2C%22commitMessage%22%3A%22feat%3A%20sync%20complete%20codebase%20-%20add%20new%20components%2C%20services%2C%20cleanup%20legacy%20files%5Cn%5Cn-%20Added%20admin%20analytics%20views%20(AdminApiAnalyticsView%2C%20AdminApiCostView)%5Cn-%20Added%20new%20services%20(apiCostService%2C%20usageAnalyticsService)%5Cn-%20Added%20UI%20components%20(EditPostModal%2C%20ErrorBoundary)%5Cn-%20Updated%20auth%20system%2C%20community%20features%2C%20and%20API%20monitoring%5Cn-%20Cleaned%20up%20legacy%20deployment%20docs%20and%20test%20files%5Cn-%20Updated%20package%20dependencies%20and%20configurations%5Cn-%20Enhanced%20backend%20server%20with%20cost%20tracking%20and%20usage%20analytics%22%7D" method="POST" type="request" pid="820,1,22" Host="travelbuddy-b2c6hgbbgeh4esdh.scm.eastus2-01.azurewebsites.net" User-Agent="GITHUBACTIONS_DeployWebAppToAzure_b1f87d90bb83c0ff7e0432d6ceec70194ee9cebfedda360691d391da7dc88767" Authorization="Bas..." Content-Type="application/octet-stream" Cookie="ARRAffinity=6fd4f9abf47ac49596ce3a6d8a1fde8f9b930131954ada4e64c68328b6ffcfc8;Path=/;HttpOnly;Secure;Domain=travelbuddy-b2c6hgbbgeh4esdh.scm.eastus2-01.azurewebsites.net; ARRAffinitySameSite=6fd4f9abf47ac49596ce3a6d8a1fde8f9b930131954ada4e64c68328b6ffcfc8;Path=/;HttpOnly;SameSite=None;Secure;Domain=travelbuddy-b2c6hgbbgeh4esdh.scm.eastus2-01.azurewebsites.net" Transfer-Encoding="chunked" X-ARR-LOG-ID="9c134c03-5b50-493b-a640-f31dcb709236" CLIENT-IP="135.232.224.113:36864" X-SITE-DEPLOYMENT-ID="travelbuddy" WAS-DEFAULT-HOSTNAME="travelbuddy-b2c6hgbbgeh4esdh.scm.eastus2-01.azurewebsites.net" X-Forwarded-Proto="https" X-AppService-Proto="https" X-Forwarded-TlsVersion="1.3" X-WAWS-Unencoded-URL="/api/publish?async=true&amp;deployer=GITHUB_ONE_DEPLOY&amp;type=zip&amp;message=%7B%22type%22%3A%22deployment%22%2C%22sha%22%3A%22bef6f89f1452232ff351cc20c2dc206fb4600cb6%22%2C%22repoName%22%3A%22deepalweb%2Ftravelbuddy%22%2C%22actor%22%3A%22deepalweb%22%2C%22slotName%22%3A%22production%22%2C%22commitMessage%22%3A%22feat%3A%20sync%20complete%20codebase%20-%20add%20new%20components%2C%20services%2C%20cleanup%20legacy%20files%5Cn%5Cn-%20Added%20admin%20analytics%20views%20(AdminApiAnalyticsView%2C%20AdminApiCostView)%5Cn-%20Added%20new%20services%20(apiCostService%2C%20usageAnalyticsService)%5Cn-%20Added%20UI%20components%20(EditPostModal%2C%20ErrorBoundary)%5Cn-%20Updated%20auth%20system%2C%20community%20features%2C%20and%20API%20monitoring%5Cn-%20Cleaned%20up%20legacy%20deployment%20docs%20and%20test%20files%5Cn-%20Updated%20package%20dependencies%20and%20configurations%5Cn-%20Enhanced%20backend%20server%20with%20cost%20tracking%20and%20usage%20analytics%22%7D" X-Client-IP="135.232.224.113" X-Client-Port="36864" >
  <step title="OneDeploy" date="2025-08-12T11:38:56.418" >
    <step title="Starting PushDeployAsync" date="2025-08-12T11:38:56.423" /><!-- duration: 2ms -->
    <step title="Removing node_modules symlink" date="2025-08-12T11:38:56.431" >
      <step title="Writing artifact to /tmp/zipdeploy/a6e15509-2ee2-40ff-aedc-1975a09153d8.zip" date="2025-08-12T11:38:56.447" >
        <step title="Writing multipart request body to /tmp/zipdeploy/a6e15509-2ee2-40ff-aedc-1975a09153d8.zip" date="2025-08-12T11:38:56.449" /><!-- duration: 7ms -->
      </step><!-- duration: 87ms -->
      <step title="Removing previous build artifact&apos;s manifest file" date="2025-08-12T11:38:56.538" >
        <step title="Start deployment in the background" date="2025-08-12T11:38:56.547" >
          <step title="Acquiring Deployment Lock" date="2025-08-12T11:38:56.555" /><!-- duration: 3ms -->
          <step title="Acquired Deployment Lock" date="2025-08-12T11:38:56.585" /><!-- duration: 2ms -->
        </step><!-- duration: 77ms -->
      </step><!-- duration: 88ms -->
      <step title="Outgoing response" date="2025-08-12T11:38:56.627" type="response" statusCode="202" statusText="Accepted" /><!-- duration: 15ms -->
    </step><!-- duration: 213ms -->
