<step title="BackgroundTrace" date="2025-08-13T10:56:34.986" instance="6fd4f9" url="/api/publish" method="POST" >
  <step title="Creating temporary deployment - FetchDeploymentManager" date="2025-08-13T10:56:35.016" /><!-- duration: 2ms -->
  <step title="Creating temporary deployment" date="2025-08-13T10:56:35.021" /><!-- duration: 36ms -->
  <step title="Performing fetch based deployment" date="2025-08-13T10:56:35.239" >
    <step title="Cleaning up temp folders from previous zip deployments and extracting pushed zip file /tmp/zipdeploy/8b2488c9-b342-415b-be51-e2c855cd4567.zip (34.49 MB) to /tmp/zipdeploy/extracted" date="2025-08-13T10:56:36.369" >
      <step title="ChmodRecursive Process exited with total time taken in ms: 86" date="2025-08-13T10:56:38.390" /><!-- duration: 4ms -->
    </step><!-- duration: 2027ms -->
    <step title="Deployment timer started" date="2025-08-13T10:56:40.403" >
      <step title="DeploymentManager.Deploy(id:41e6c97b-cac7-410f-89ba-2cbf99476ad2)" date="2025-08-13T10:56:40.409" >
        <step title="Collecting changeset information" date="2025-08-13T10:56:40.417" /><!-- duration: 66ms -->
        <step title="Updating submodules" date="2025-08-13T10:56:40.487" /><!-- duration: 1083ms -->
        <step title="Determining deployment builder" date="2025-08-13T10:56:41.728" >
          <step title="Builder is OryxBuilder" date="2025-08-13T10:56:41.737" /><!-- duration: 2ms -->
        </step><!-- duration: 14ms -->
        <step title="PreDeployment: context.CleanOutputPath False" date="2025-08-13T10:56:41.769" >
          <step title="PreDeployment: context.OutputPath /home/site/wwwroot" date="2025-08-13T10:56:41.844" >
            <step title="Building" date="2025-08-13T10:56:41.926" >
              <step title="Executing external process" date="2025-08-13T10:56:42.105" type="process" path="bash" arguments="-c &quot;oryx build /tmp/zipdeploy/extracted -o /home/site/wwwroot --platform nodejs --platform-version 20 -p virtualenv_name= --log-file /tmp/build-debug.log  -i /tmp/8ddda5815fe41ec -p compress_node_modules=tar-gz | tee /tmp/oryx-build.log ; exit $PIPESTATUS &quot;" /><!-- duration: 85296ms -->
              <step title="Using GenericDeploymentLogParser" date="2025-08-13T10:58:07.628" /><!-- duration: 2ms -->
              <step title="Modified file to trigger a restart of the app container." date="2025-08-13T10:58:08.439" /><!-- duration: 4ms -->
              <step title="Skip function trigger and logicapp sync because function is not enabled." date="2025-08-13T10:58:08.446" /><!-- duration: 4ms -->
              <step title="Purge deployment items" date="2025-08-13T10:58:09.233" >
                <step title="Remove d0eec787-, Success, received at 08/12/2025 16:31:00" date="2025-08-13T10:58:09.273" /><!-- duration: 2ms -->
              </step><!-- duration: 45ms -->
            </step><!-- duration: 87402ms -->
          </step><!-- duration: 87489ms -->
          <step title="Cleaning up temp files" date="2025-08-13T10:58:09.336" /><!-- duration: 1047ms -->
          <step title="Cleaning up temp files" date="2025-08-13T10:58:10.386" /><!-- duration: 503ms -->
          <step title="Reloading status file with latest updates" date="2025-08-13T10:58:10.909" >
            <step title="WebHooksManager.PublishEventAsync: PostDeployment" date="2025-08-13T10:58:10.911" /><!-- duration: 18ms -->
          </step><!-- duration: 23ms -->
          <step title="Cleaning up temporary deployment - fetch deployment was successful" date="2025-08-13T10:58:10.934" /><!-- duration: 2ms -->
        </step><!-- duration: 89202ms -->
      </step><!-- duration: 90571ms -->
