<step title="BackgroundTrace" date="2025-08-12T11:38:56.550" instance="6fd4f9" url="/api/publish" method="POST" >
  <step title="Creating temporary deployment - FetchDeploymentManager" date="2025-08-12T11:38:56.588" /><!-- duration: 2ms -->
  <step title="Creating temporary deployment" date="2025-08-12T11:38:56.592" /><!-- duration: 29ms -->
  <step title="Performing fetch based deployment" date="2025-08-12T11:38:56.650" >
    <step title="Cleaning up temp folders from previous zip deployments and extracting pushed zip file /tmp/zipdeploy/a6e15509-2ee2-40ff-aedc-1975a09153d8.zip (1.08 MB) to /tmp/zipdeploy/extracted" date="2025-08-12T11:38:57.749" >
      <step title="ChmodRecursive Process exited with total time taken in ms: 13" date="2025-08-12T11:38:57.849" /><!-- duration: 2ms -->
    </step><!-- duration: 104ms -->
    <step title="Deployment timer started" date="2025-08-12T11:38:59.858" >
      <step title="DeploymentManager.Deploy(id:80de1dc7-76d5-4e1c-aacd-33fa94b1e911)" date="2025-08-12T11:38:59.861" >
        <step title="Collecting changeset information" date="2025-08-12T11:38:59.868" /><!-- duration: 71ms -->
        <step title="Updating submodules" date="2025-08-12T11:38:59.944" /><!-- duration: 1081ms -->
        <step title="Determining deployment builder" date="2025-08-12T11:39:01.257" >
          <step title="Builder is OryxBuilder" date="2025-08-12T11:39:01.262" /><!-- duration: 2ms -->
        </step><!-- duration: 10ms -->
        <step title="PreDeployment: context.CleanOutputPath False" date="2025-08-12T11:39:01.303" >
          <step title="PreDeployment: context.OutputPath /home/site/wwwroot" date="2025-08-12T11:39:01.447" >
            <step title="Building" date="2025-08-12T11:39:01.529" >
              <step title="Executing external process" date="2025-08-12T11:39:01.699" type="process" path="bash" arguments="-c &quot;oryx build /tmp/zipdeploy/extracted -o /home/site/wwwroot --platform nodejs --platform-version 20 -p virtualenv_name= --log-file /tmp/build-debug.log  -i /tmp/8ddd994d5413f48 -p compress_node_modules=tar-gz | tee /tmp/oryx-build.log ; exit $PIPESTATUS &quot;" /><!-- duration: 47923ms -->
              <step title="Using GenericDeploymentLogParser" date="2025-08-12T11:39:49.851" /><!-- duration: 2ms -->
              <step title="Modified file to trigger a restart of the app container." date="2025-08-12T11:39:50.544" /><!-- duration: 2ms -->
              <step title="Skip function trigger and logicapp sync because function is not enabled." date="2025-08-12T11:39:50.548" /><!-- duration: 2ms -->
            </step><!-- duration: 49846ms -->
          </step><!-- duration: 49932ms -->
          <step title="Cleaning up temp files" date="2025-08-12T11:39:51.381" /><!-- duration: 621ms -->
          <step title="Cleaning up temp files" date="2025-08-12T11:39:52.006" /><!-- duration: 504ms -->
          <step title="Reloading status file with latest updates" date="2025-08-12T11:39:52.539" >
            <step title="WebHooksManager.PublishEventAsync: PostDeployment" date="2025-08-12T11:39:52.541" /><!-- duration: 19ms -->
          </step><!-- duration: 23ms -->
          <step title="Cleaning up temporary deployment - fetch deployment was successful" date="2025-08-12T11:39:52.565" /><!-- duration: 12ms -->
        </step><!-- duration: 51306ms -->
      </step><!-- duration: 52759ms -->
