<step title="BackgroundTrace" date="2025-08-13T10:23:51.172" instance="6fd4f9" url="/api/publish" method="POST" >
  <step title="Creating temporary deployment - FetchDeploymentManager" date="2025-08-13T10:23:51.202" /><!-- duration: 3ms -->
  <step title="Creating temporary deployment" date="2025-08-13T10:23:51.212" /><!-- duration: 57ms -->
  <step title="Performing fetch based deployment" date="2025-08-13T10:23:51.283" >
    <step title="Cleaning up temp folders from previous zip deployments and extracting pushed zip file /tmp/zipdeploy/14a35d6e-6b66-44f1-8478-bd6bb0b14230.zip (34.49 MB) to /tmp/zipdeploy/extracted" date="2025-08-13T10:23:52.395" >
      <step title="ChmodRecursive Process exited with total time taken in ms: 87" date="2025-08-13T10:23:54.431" /><!-- duration: 6ms -->
    </step><!-- duration: 2052ms -->
    <step title="Deployment timer started" date="2025-08-13T10:23:56.459" >
      <step title="DeploymentManager.Deploy(id:7279c7e4-b7fd-48f1-ac22-2afc6c36bb63)" date="2025-08-13T10:23:56.477" >
        <step title="Collecting changeset information" date="2025-08-13T10:23:56.499" /><!-- duration: 121ms -->
        <step title="Updating submodules" date="2025-08-13T10:23:56.624" /><!-- duration: 1101ms -->
        <step title="Determining deployment builder" date="2025-08-13T10:23:57.919" >
          <step title="Builder is OryxBuilder" date="2025-08-13T10:23:57.925" /><!-- duration: 2ms -->
        </step><!-- duration: 10ms -->
        <step title="PreDeployment: context.CleanOutputPath False" date="2025-08-13T10:23:57.969" >
          <step title="PreDeployment: context.OutputPath /home/site/wwwroot" date="2025-08-13T10:23:58.045" >
            <step title="Building" date="2025-08-13T10:23:58.151" >
              <step title="Executing external process" date="2025-08-13T10:23:58.382" type="process" path="bash" arguments="-c &quot;oryx build /tmp/zipdeploy/extracted -o /home/site/wwwroot --platform nodejs --platform-version 20 -p virtualenv_name= --log-file /tmp/build-debug.log  -i /tmp/8ddda5383784d0a -p compress_node_modules=tar-gz | tee /tmp/oryx-build.log ; exit $PIPESTATUS &quot;" /><!-- duration: 89569ms -->
              <step title="Using GenericDeploymentLogParser" date="2025-08-13T10:25:28.236" /><!-- duration: 8ms -->
              <step title="Modified file to trigger a restart of the app container." date="2025-08-13T10:25:29.142" /><!-- duration: 4ms -->
              <step title="Skip function trigger and logicapp sync because function is not enabled." date="2025-08-13T10:25:29.148" /><!-- duration: 2ms -->
              <step title="Purge deployment items" date="2025-08-13T10:25:29.940" >
                <step title="Remove 30394b21-, Success, received at 08/12/2025 15:35:28" date="2025-08-13T10:25:29.975" /><!-- duration: 2ms -->
              </step><!-- duration: 39ms -->
            </step><!-- duration: 91888ms -->
          </step><!-- duration: 92001ms -->
          <step title="Cleaning up temp files" date="2025-08-13T10:25:30.047" /><!-- duration: 1005ms -->
          <step title="Cleaning up temp files" date="2025-08-13T10:25:31.058" /><!-- duration: 504ms -->
          <step title="Reloading status file with latest updates" date="2025-08-13T10:25:31.582" >
            <step title="WebHooksManager.PublishEventAsync: PostDeployment" date="2025-08-13T10:25:31.586" /><!-- duration: 39ms -->
          </step><!-- duration: 49ms -->
          <step title="Cleaning up temporary deployment - fetch deployment was successful" date="2025-08-13T10:25:31.635" /><!-- duration: 2ms -->
        </step><!-- duration: 93712ms -->
      </step><!-- duration: 95213ms -->
