<step title="Incoming Request" date="2025-08-13T10:07:10.133" instance="6fd4f9" url="/api/deployments/latest?deployer=OneDeploy&amp;time=2025-08-13_10-06-28Z" method="GET" type="request" pid="821,1,31" Host="travelbuddy-b2c6hgbbgeh4esdh.scm.eastus2-01.azurewebsites.net" User-Agent="GITHUBACTIONS_DeployWebAppToAzure_b1f87d90bb83c0ff7e0432d6ceec70194ee9cebfedda360691d391da7dc88767" Authorization="Bas..." Content-Type="application/json; charset=utf-8" Cookie="ARRAffinity=6fd4f9abf47ac49596ce3a6d8a1fde8f9b930131954ada4e64c68328b6ffcfc8;Path=/;HttpOnly;Secure;Domain=travelbuddy-b2c6hgbbgeh4esdh.scm.eastus2-01.azurewebsites.net; ARRAffinitySameSite=6fd4f9abf47ac49596ce3a6d8a1fde8f9b930131954ada4e64c68328b6ffcfc8;Path=/;HttpOnly;SameSite=None;Secure;Domain=travelbuddy-b2c6hgbbgeh4esdh.scm.eastus2-01.azurewebsites.net" Content-Length="0" X-ARR-LOG-ID="cf137a3e-39e3-496a-b768-c54f52bf3dd6" CLIENT-IP="52.159.225.196:60416" X-SITE-DEPLOYMENT-ID="travelbuddy" WAS-DEFAULT-HOSTNAME="travelbuddy-b2c6hgbbgeh4esdh.scm.eastus2-01.azurewebsites.net" X-Forwarded-Proto="https" X-AppService-Proto="https" X-Forwarded-TlsVersion="1.3" X-WAWS-Unencoded-URL="/api/deployments/latest?deployer=OneDeploy&amp;time=2025-08-13_10-06-28Z" X-Client-IP="52.159.225.196" X-Client-Port="60416" >
  <step title="Cleanup Xml Logs" date="2025-08-13T10:07:10.139" >
    <step title="Cleanup Infos" date="2025-08-13T10:07:10.160" totalFiles="372" totalCleanup="212" /><!-- duration: 5ms -->
  </step><!-- duration: 30ms -->
  <step title="DeploymentService.GetResult" date="2025-08-13T10:07:10.179" >
    <step title="DeploymentService.GetLatestDeployment" date="2025-08-13T10:07:10.185" >
      <step title="DeploymentManager.GetResults" date="2025-08-13T10:07:10.190" /><!-- duration: 855ms -->
    </step><!-- duration: 862ms -->
  </step><!-- duration: 871ms -->
  <step title="Outgoing response" date="2025-08-13T10:07:11.053" type="response" statusCode="202" statusText="Accepted" /><!-- duration: 2ms -->
</step><!-- duration: 923ms -->
