<step title="Incoming Request" date="2025-08-13T07:42:08.073" instance="6fd4f9" url="/api/deployments/latest?deployer=OneDeploy&amp;time=2025-08-13_07-41-39Z" method="GET" type="request" pid="821,1,28" Host="travelbuddy-b2c6hgbbgeh4esdh.scm.eastus2-01.azurewebsites.net" User-Agent="GITHUBACTIONS_DeployWebAppToAzure_b1f87d90bb83c0ff7e0432d6ceec70194ee9cebfedda360691d391da7dc88767" Authorization="Bas..." Content-Type="application/json; charset=utf-8" Cookie="ARRAffinity=6fd4f9abf47ac49596ce3a6d8a1fde8f9b930131954ada4e64c68328b6ffcfc8;Path=/;HttpOnly;Secure;Domain=travelbuddy-b2c6hgbbgeh4esdh.scm.eastus2-01.azurewebsites.net; ARRAffinitySameSite=6fd4f9abf47ac49596ce3a6d8a1fde8f9b930131954ada4e64c68328b6ffcfc8;Path=/;HttpOnly;SameSite=None;Secure;Domain=travelbuddy-b2c6hgbbgeh4esdh.scm.eastus2-01.azurewebsites.net" Content-Length="0" X-ARR-LOG-ID="42de9805-f69e-40aa-9080-a2a845018506" CLIENT-IP="172.182.213.5:14336" X-SITE-DEPLOYMENT-ID="travelbuddy" WAS-DEFAULT-HOSTNAME="travelbuddy-b2c6hgbbgeh4esdh.scm.eastus2-01.azurewebsites.net" X-Forwarded-Proto="https" X-AppService-Proto="https" X-Forwarded-TlsVersion="1.3" X-WAWS-Unencoded-URL="/api/deployments/latest?deployer=OneDeploy&amp;time=2025-08-13_07-41-39Z" X-Client-IP="172.182.213.5" X-Client-Port="14336" >
  <step title="Cleanup Xml Logs" date="2025-08-13T07:42:08.079" >
    <step title="Cleanup Infos" date="2025-08-13T07:42:08.094" totalFiles="310" totalCleanup="150" /><!-- duration: 2ms -->
  </step><!-- duration: 21ms -->
  <step title="DeploymentService.GetResult" date="2025-08-13T07:42:08.107" >
    <step title="DeploymentService.GetLatestDeployment" date="2025-08-13T07:42:08.109" >
      <step title="DeploymentManager.GetResults" date="2025-08-13T07:42:08.111" /><!-- duration: 557ms -->
    </step><!-- duration: 563ms -->
  </step><!-- duration: 569ms -->
  <step title="Outgoing response" date="2025-08-13T07:42:08.681" type="response" statusCode="202" statusText="Accepted" /><!-- duration: 3ms -->
</step><!-- duration: 615ms -->
