<step title="BackgroundTrace" date="2025-08-12T16:30:54.911" instance="6fd4f9" url="/api/publish" method="POST" >
  <step title="Creating temporary deployment - FetchDeploymentManager" date="2025-08-12T16:30:54.939" /><!-- duration: 2ms -->
  <step title="Creating temporary deployment" date="2025-08-12T16:30:54.943" /><!-- duration: 55ms -->
  <step title="Performing fetch based deployment" date="2025-08-12T16:30:55.012" >
    <step title="Cleaning up temp folders from previous zip deployments and extracting pushed zip file /tmp/zipdeploy/a2cd0bda-2c1a-4c9b-88a4-49aa318e08d4.zip (34.41 MB) to /tmp/zipdeploy/extracted" date="2025-08-12T16:30:56.118" >
      <step title="ChmodRecursive Process exited with total time taken in ms: 106" date="2025-08-12T16:30:58.138" /><!-- duration: 2ms -->
    </step><!-- duration: 2024ms -->
    <step title="Deployment timer started" date="2025-08-12T16:31:00.151" >
      <step title="DeploymentManager.Deploy(id:d0eec787-210c-40c1-b3ff-6088cfe066af)" date="2025-08-12T16:31:00.156" >
        <step title="Collecting changeset information" date="2025-08-12T16:31:00.166" /><!-- duration: 70ms -->
        <step title="Updating submodules" date="2025-08-12T16:31:00.240" /><!-- duration: 1076ms -->
        <step title="Determining deployment builder" date="2025-08-12T16:31:01.499" >
          <step title="Builder is OryxBuilder" date="2025-08-12T16:31:01.505" /><!-- duration: 2ms -->
        </step><!-- duration: 10ms -->
        <step title="PreDeployment: context.CleanOutputPath False" date="2025-08-12T16:31:01.534" >
          <step title="PreDeployment: context.OutputPath /home/site/wwwroot" date="2025-08-12T16:31:01.609" >
            <step title="Building" date="2025-08-12T16:31:01.702" >
              <step title="Executing external process" date="2025-08-12T16:31:01.892" type="process" path="bash" arguments="-c &quot;oryx build /tmp/zipdeploy/extracted -o /home/site/wwwroot --platform nodejs --platform-version 20 -p virtualenv_name= --log-file /tmp/build-debug.log  -i /tmp/8ddd9bda02207c9 -p compress_node_modules=tar-gz | tee /tmp/oryx-build.log ; exit $PIPESTATUS &quot;" /><!-- duration: 84590ms -->
              <step title="Using GenericDeploymentLogParser" date="2025-08-12T16:32:26.731" /><!-- duration: 7ms -->
              <step title="Modified file to trigger a restart of the app container." date="2025-08-12T16:32:27.555" /><!-- duration: 2ms -->
              <step title="Skip function trigger and logicapp sync because function is not enabled." date="2025-08-12T16:32:27.559" /><!-- duration: 2ms -->
            </step><!-- duration: 86522ms -->
          </step><!-- duration: 86621ms -->
          <step title="Cleaning up temp files" date="2025-08-12T16:32:28.232" /><!-- duration: 1004ms -->
          <step title="Cleaning up temp files" date="2025-08-12T16:32:29.240" /><!-- duration: 504ms -->
          <step title="Reloading status file with latest updates" date="2025-08-12T16:32:29.771" >
            <step title="WebHooksManager.PublishEventAsync: PostDeployment" date="2025-08-12T16:32:29.773" /><!-- duration: 19ms -->
          </step><!-- duration: 23ms -->
          <step title="Cleaning up temporary deployment - fetch deployment was successful" date="2025-08-12T16:32:29.797" /><!-- duration: 2ms -->
        </step><!-- duration: 88296ms -->
      </step><!-- duration: 89682ms -->
