<step title="Incoming Request" date="2025-08-13T08:36:40.597" instance="6fd4f9" url="/api/deployments/latest?deployer=OneDeploy&amp;time=2025-08-13_08-35-53Z" method="GET" type="request" pid="821,1,3" Host="travelbuddy-b2c6hgbbgeh4esdh.scm.eastus2-01.azurewebsites.net" User-Agent="GITHUBACTIONS_DeployWebAppToAzure_b1f87d90bb83c0ff7e0432d6ceec70194ee9cebfedda360691d391da7dc88767" Authorization="Bas..." Content-Type="application/json; charset=utf-8" Cookie="ARRAffinity=6fd4f9abf47ac49596ce3a6d8a1fde8f9b930131954ada4e64c68328b6ffcfc8;Path=/;HttpOnly;Secure;Domain=travelbuddy-b2c6hgbbgeh4esdh.scm.eastus2-01.azurewebsites.net; ARRAffinitySameSite=6fd4f9abf47ac49596ce3a6d8a1fde8f9b930131954ada4e64c68328b6ffcfc8;Path=/;HttpOnly;SameSite=None;Secure;Domain=travelbuddy-b2c6hgbbgeh4esdh.scm.eastus2-01.azurewebsites.net" Content-Length="0" X-ARR-LOG-ID="5f4f199d-5520-4577-95a4-0f98101006da" CLIENT-IP="64.236.131.247:34872" X-SITE-DEPLOYMENT-ID="travelbuddy" WAS-DEFAULT-HOSTNAME="travelbuddy-b2c6hgbbgeh4esdh.scm.eastus2-01.azurewebsites.net" X-Forwarded-Proto="https" X-AppService-Proto="https" X-Forwarded-TlsVersion="1.3" X-WAWS-Unencoded-URL="/api/deployments/latest?deployer=OneDeploy&amp;time=2025-08-13_08-35-53Z" X-Client-IP="64.236.131.247" X-Client-Port="34872" >
  <step title="Cleanup Xml Logs" date="2025-08-13T08:36:40.602" >
    <step title="Cleanup Infos" date="2025-08-13T08:36:40.639" totalFiles="349" totalCleanup="189" /><!-- duration: 7ms -->
  </step><!-- duration: 68ms -->
  <step title="DeploymentService.GetResult" date="2025-08-13T08:36:40.690" >
    <step title="DeploymentService.GetLatestDeployment" date="2025-08-13T08:36:40.692" >
      <step title="DeploymentManager.GetResults" date="2025-08-13T08:36:40.706" /><!-- duration: 625ms -->
    </step><!-- duration: 642ms -->
  </step><!-- duration: 646ms -->
  <step title="Outgoing response" date="2025-08-13T08:36:41.342" type="response" statusCode="202" statusText="Accepted" /><!-- duration: 10ms -->
</step><!-- duration: 766ms -->
