<step title="Incoming Request" date="2025-08-13T07:23:18.703" instance="6fd4f9" url="/api/deployments/latest?deployer=OneDeploy&amp;time=2025-08-13_07-22-15Z" method="GET" type="request" pid="821,1,23" Host="travelbuddy-b2c6hgbbgeh4esdh.scm.eastus2-01.azurewebsites.net" User-Agent="GITHUBACTIONS_DeployWebAppToAzure_b1f87d90bb83c0ff7e0432d6ceec70194ee9cebfedda360691d391da7dc88767" Authorization="Bas..." Content-Type="application/json; charset=utf-8" Cookie="ARRAffinity=6fd4f9abf47ac49596ce3a6d8a1fde8f9b930131954ada4e64c68328b6ffcfc8;Path=/;HttpOnly;Secure;Domain=travelbuddy-b2c6hgbbgeh4esdh.scm.eastus2-01.azurewebsites.net; ARRAffinitySameSite=6fd4f9abf47ac49596ce3a6d8a1fde8f9b930131954ada4e64c68328b6ffcfc8;Path=/;HttpOnly;SameSite=None;Secure;Domain=travelbuddy-b2c6hgbbgeh4esdh.scm.eastus2-01.azurewebsites.net" Content-Length="0" X-ARR-LOG-ID="ed5092e2-f1c2-459c-b364-2ede30772345" CLIENT-IP="20.171.127.98:58432" X-SITE-DEPLOYMENT-ID="travelbuddy" WAS-DEFAULT-HOSTNAME="travelbuddy-b2c6hgbbgeh4esdh.scm.eastus2-01.azurewebsites.net" X-Forwarded-Proto="https" X-AppService-Proto="https" X-Forwarded-TlsVersion="1.3" X-WAWS-Unencoded-URL="/api/deployments/latest?deployer=OneDeploy&amp;time=2025-08-13_07-22-15Z" X-Client-IP="20.171.127.98" X-Client-Port="58432" >
  <step title="Cleanup Xml Logs" date="2025-08-13T07:23:18.709" >
    <step title="Cleanup Infos" date="2025-08-13T07:23:18.728" totalFiles="294" totalCleanup="134" /><!-- duration: 2ms -->
  </step><!-- duration: 23ms -->
  <step title="DeploymentService.GetResult" date="2025-08-13T07:23:18.741" >
    <step title="DeploymentService.GetLatestDeployment" date="2025-08-13T07:23:18.743" >
      <step title="DeploymentManager.GetResults" date="2025-08-13T07:23:18.745" /><!-- duration: 366ms -->
    </step><!-- duration: 371ms -->
  </step><!-- duration: 375ms -->
  <step title="Outgoing response" date="2025-08-13T07:23:19.118" type="response" statusCode="202" statusText="Accepted" /><!-- duration: 2ms -->
</step><!-- duration: 419ms -->
