<step title="Incoming Request" date="2025-08-13T05:05:54.776" instance="6fd4f9" url="/api/deployments/latest?deployer=OneDeploy&amp;time=2025-08-13_05-04-34Z" method="GET" type="request" pid="820,1,77" Host="travelbuddy-b2c6hgbbgeh4esdh.scm.eastus2-01.azurewebsites.net" User-Agent="GITHUBACTIONS_DeployWebAppToAzure_b1f87d90bb83c0ff7e0432d6ceec70194ee9cebfedda360691d391da7dc88767" Authorization="Bas..." Content-Type="application/json; charset=utf-8" Cookie="ARRAffinity=6fd4f9abf47ac49596ce3a6d8a1fde8f9b930131954ada4e64c68328b6ffcfc8;Path=/;HttpOnly;Secure;Domain=travelbuddy-b2c6hgbbgeh4esdh.scm.eastus2-01.azurewebsites.net; ARRAffinitySameSite=6fd4f9abf47ac49596ce3a6d8a1fde8f9b930131954ada4e64c68328b6ffcfc8;Path=/;HttpOnly;SameSite=None;Secure;Domain=travelbuddy-b2c6hgbbgeh4esdh.scm.eastus2-01.azurewebsites.net" Content-Length="0" X-ARR-LOG-ID="e8b74843-3e9f-4222-b05e-d770d24f2de2" CLIENT-IP="172.184.211.20:39936" X-SITE-DEPLOYMENT-ID="travelbuddy" WAS-DEFAULT-HOSTNAME="travelbuddy-b2c6hgbbgeh4esdh.scm.eastus2-01.azurewebsites.net" X-Forwarded-Proto="https" X-AppService-Proto="https" X-Forwarded-TlsVersion="1.3" X-WAWS-Unencoded-URL="/api/deployments/latest?deployer=OneDeploy&amp;time=2025-08-13_05-04-34Z" X-Client-IP="172.184.211.20" X-Client-Port="39936" >
  <step title="Cleanup Xml Logs" date="2025-08-13T05:05:54.779" >
    <step title="Cleanup Infos" date="2025-08-13T05:05:54.787" totalFiles="226" totalCleanup="66" /><!-- duration: 3ms -->
  </step><!-- duration: 14ms -->
  <step title="DeploymentService.GetResult" date="2025-08-13T05:05:54.800" >
    <step title="DeploymentService.GetLatestDeployment" date="2025-08-13T05:05:54.802" >
      <step title="DeploymentManager.GetResults" date="2025-08-13T05:05:54.805" /><!-- duration: 368ms -->
    </step><!-- duration: 377ms -->
  </step><!-- duration: 383ms -->
  <step title="Outgoing response" date="2025-08-13T05:05:55.188" type="response" statusCode="202" statusText="Accepted" /><!-- duration: 3ms -->
</step><!-- duration: 418ms -->
