<step title="BackgroundTrace" date="2025-08-13T07:41:38.931" instance="6fd4f9" url="/api/publish" method="POST" >
  <step title="Creating temporary deployment - FetchDeploymentManager" date="2025-08-13T07:41:38.966" /><!-- duration: 3ms -->
  <step title="Creating temporary deployment" date="2025-08-13T07:41:38.971" /><!-- duration: 33ms -->
  <step title="Performing fetch based deployment" date="2025-08-13T07:41:39.021" >
    <step title="Cleaning up temp folders from previous zip deployments and extracting pushed zip file /tmp/zipdeploy/a4f9f898-7ca5-4c63-958e-4dd77754a9b7.zip (34.48 MB) to /tmp/zipdeploy/extracted" date="2025-08-13T07:41:40.134" >
      <step title="ChmodRecursive Process exited with total time taken in ms: 89" date="2025-08-13T07:41:42.151" /><!-- duration: 4ms -->
    </step><!-- duration: 2024ms -->
    <step title="Deployment timer started" date="2025-08-13T07:41:44.163" >
      <step title="DeploymentManager.Deploy(id:3ed5be1b-b904-4083-8f2d-e4bb2fdb6627)" date="2025-08-13T07:41:44.166" >
        <step title="Collecting changeset information" date="2025-08-13T07:41:44.231" /><!-- duration: 88ms -->
        <step title="Updating submodules" date="2025-08-13T07:41:44.324" /><!-- duration: 1092ms -->
        <step title="Determining deployment builder" date="2025-08-13T07:41:45.563" >
          <step title="Builder is OryxBuilder" date="2025-08-13T07:41:45.574" /><!-- duration: 2ms -->
        </step><!-- duration: 17ms -->
        <step title="PreDeployment: context.CleanOutputPath False" date="2025-08-13T07:41:45.616" >
          <step title="PreDeployment: context.OutputPath /home/site/wwwroot" date="2025-08-13T07:41:45.702" >
            <step title="Building" date="2025-08-13T07:41:45.794" >
              <step title="Executing external process" date="2025-08-13T07:41:45.974" type="process" path="bash" arguments="-c &quot;oryx build /tmp/zipdeploy/extracted -o /home/site/wwwroot --platform nodejs --platform-version 20 -p virtualenv_name= --log-file /tmp/build-debug.log  -i /tmp/8ddda3cda8a26f0 -p compress_node_modules=tar-gz | tee /tmp/oryx-build.log ; exit $PIPESTATUS &quot;" >
                <step title="Process dump" date="2025-08-13T07:42:14.675" exitCode="1" type="processOutput" /><!-- duration: 3ms -->
              </step><!-- duration: 28706ms -->
              <step title="Error occurred" date="2025-08-13T07:42:14.691" type="error" text="npm warn config production Use `--omit=dev` instead.
npm warn config production Use `--omit=dev` instead.
npm warn deprecated @types/socket.io-client@3.0.0: This is a stub types definition. socket.io-client provides its own type definitions, so you do not need this installed.
npm warn deprecated inflight@1.0.6: This module is not supported, and leaks memory. Do not use it. Check out lru-cache if you want a good and tested way to coalesce async requests by a key value, which is much more comprehensive and powerful.
npm warn deprecated source-map-url@0.4.1: See https://github.com/lydell/source-map-url#deprecated
npm warn deprecated urix@0.1.0: Please see https://github.com/lydell/urix#deprecated
npm warn deprecated resolve-url@0.2.1: https://github.com/lydell/resolve-url#deprecated
npm warn deprecated glob@7.2.3: Glob versions prior to v9 are no longer supported
npm warn deprecated source-map-resolve@0.5.3: See https://github.com/lydell/source-map-resolve#deprecated
npm warn deprecated node-domexception@1.0.0: Use your platform&apos;s native DOMException instead
npm warn deprecated @google/maps@1.1.3: Please use @googlemaps/google-maps-services-js instead.
npm warn deprecated core-js@2.6.12: core-js@&lt;3.23.3 is no longer maintained and not recommended for usage due to the number of issues. Because of the V8 engine whims, feature detection in old core-js versions could cause a slowdown up to 100x even if nothing is polyfilled. Some versions have web compatibility issues. Please, upgrade your dependencies to the actual version of core-js.
npm warn config production Use `--omit=dev` instead.
npm warn config production Use `--omit=dev` instead.
npm warn config production Use `--omit=dev` instead.

/index.css doesn&apos;t exist at build time, it will remain unchanged to be resolved at runtime
✗ Build failed in 4.71s
error during build:
[vite:react-babel] /tmp/8ddda3cda8a26f0/admin/AdminPortal.tsx: Unexpected token (28:2)

  26 |   | &apos;apiCost&apos;
  27 |   | &apos;apiInsights&apos;;
&gt; 28 |   | &apos;apiInsights&apos;;
     |   ^
  29 |
  30 | interface AdminPortalProps {
  31 |   currentUser: CurrentUser | null;
file: /tmp/8ddda3cda8a26f0/admin/AdminPortal.tsx:28:2
    at constructor (/tmp/8ddda3cda8a26f0/node_modules/@babel/parser/lib/index.js:367:19)
    at TypeScriptParserMixin.raise (/tmp/8ddda3cda8a26f0/node_modules/@babel/parser/lib/index.js:6627:19)
    at TypeScriptParserMixin.unexpected (/tmp/8ddda3cda8a26f0/node_modules/@babel/parser/lib/index.js:6647:16)
    at TypeScriptParserMixin.parseExprAtom (/tmp/8ddda3cda8a26f0/node_modules/@babel/parser/lib/index.js:11442:16)
    at TypeScriptParserMixin.parseExprAtom (/tmp/8ddda3cda8a26f0/node_modules/@babel/parser/lib/index.js:4794:20)
    at TypeScriptParserMixin.parseExprSubscripts (/tmp/8ddda3cda8a26f0/node_modules/@babel/parser/lib/index.js:11076:23)
    at TypeScriptParserMixin.parseUpdate (/tmp/8ddda3cda8a26f0/node_modules/@babel/parser/lib/index.js:11061:21)
    at TypeScriptParserMixin.parseMaybeUnary (/tmp/8ddda3cda8a26f0/node_modules/@babel/parser/lib/index.js:11041:23)
    at TypeScriptParserMixin.parseMaybeUnary (/tmp/8ddda3cda8a26f0/node_modules/@babel/parser/lib/index.js:9852:18)
    at TypeScriptParserMixin.parseMaybeUnaryOrPrivate (/tmp/8ddda3cda8a26f0/node_modules/@babel/parser/lib/index.js:10894:61)
    at TypeScriptParserMixin.parseExprOps (/tmp/8ddda3cda8a26f0/node_modules/@babel/parser/lib/index.js:10899:23)
    at TypeScriptParserMixin.parseMaybeConditional (/tmp/8ddda3cda8a26f0/node_modules/@babel/parser/lib/index.js:10876:23)
    at TypeScriptParserMixin.parseMaybeAssign (/tmp/8ddda3cda8a26f0/node_modules/@babel/parser/lib/index.js:10826:21)
    at TypeScriptParserMixin.parseMaybeAssign (/tmp/8ddda3cda8a26f0/node_modules/@babel/parser/lib/index.js:9801:20)
    at TypeScriptParserMixin.parseExpressionBase (/tmp/8ddda3cda8a26f0/node_modules/@babel/parser/lib/index.js:10779:23)
    at /tmp/8ddda3cda8a26f0/node_modules/@babel/parser/lib/index.js:10775:39
    at TypeScriptParserMixin.allowInAnd (/tmp/8ddda3cda8a26f0/node_modules/@babel/parser/lib/index.js:12422:16)
    at TypeScriptParserMixin.parseExpression (/tmp/8ddda3cda8a26f0/node_modules/@babel/parser/lib/index.js:10775:17)
    at TypeScriptParserMixin.parseStatementContent (/tmp/8ddda3cda8a26f0/node_modules/@babel/parser/lib/index.js:12895:23)
    at TypeScriptParserMixin.parseStatementContent (/tmp/8ddda3cda8a26f0/node_modules/@babel/parser/lib/index.js:9527:18)
    at TypeScriptParserMixin.parseStatementLike (/tmp/8ddda3cda8a26f0/node_modules/@babel/parser/lib/index.js:12767:17)
    at TypeScriptParserMixin.parseModuleItem (/tmp/8ddda3cda8a26f0/node_modules/@babel/parser/lib/index.js:12744:17)
    at TypeScriptParserMixin.parseBlockOrModuleBlockBody (/tmp/8ddda3cda8a26f0/node_modules/@babel/parser/lib/index.js:13316:36)
    at TypeScriptParserMixin.parseBlockBody (/tmp/8ddda3cda8a26f0/node_modules/@babel/parser/lib/index.js:13309:10)
    at TypeScriptParserMixin.parseProgram (/tmp/8ddda3cda8a26f0/node_modules/@babel/parser/lib/index.js:12625:10)
    at TypeScriptParserMixin.parseTopLevel (/tmp/8ddda3cda8a26f0/node_modules/@babel/parser/lib/index.js:12615:25)
    at TypeScriptParserMixin.parse (/tmp/8ddda3cda8a26f0/node_modules/@babel/parser/lib/index.js:14492:10)
    at TypeScriptParserMixin.parse (/tmp/8ddda3cda8a26f0/node_modules/@babel/parser/lib/index.js:10144:18)
    at parse (/tmp/8ddda3cda8a26f0/node_modules/@babel/parser/lib/index.js:14526:38)
    at parser (/tmp/8ddda3cda8a26f0/node_modules/@babel/core/lib/parser/index.js:41:34)
    at parser.next (&lt;anonymous&gt;)
    at normalizeFile (/tmp/8ddda3cda8a26f0/node_modules/@babel/core/lib/transformation/normalize-file.js:64:37)
    at normalizeFile.next (&lt;anonymous&gt;)
    at run (/tmp/8ddda3cda8a26f0/node_modules/@babel/core/lib/transformation/index.js:22:50)
    at run.next (&lt;anonymous&gt;)
    at transform (/tmp/8ddda3cda8a26f0/node_modules/@babel/core/lib/transform.js:22:33)
    at transform.next (&lt;anonymous&gt;)
    at step (/tmp/8ddda3cda8a26f0/node_modules/gensync/index.js:261:32)
    at evaluateAsync (/tmp/8ddda3cda8a26f0/node_modules/gensync/index.js:291:5)
    at /tmp/8ddda3cda8a26f0/node_modules/gensync/index.js:93:9
    at new Promise (&lt;anonymous&gt;)
    at async (/tmp/8ddda3cda8a26f0/node_modules/gensync/index.js:92:14)
    at stopHiding - secret - don&apos;t use this - v1 (/tmp/8ddda3cda8a26f0/node_modules/@babel/core/lib/errors/rewrite-stack-trace.js:47:12)
    at Module.transformAsync (/tmp/8ddda3cda8a26f0/node_modules/@babel/core/lib/transform.js:45:77)
    at Object.handler (file:///tmp/8ddda3cda8a26f0/node_modules/@vitejs/plugin-react/dist/index.js:195:34)
/bin/bash -c &quot;oryx build /tmp/zipdeploy/extracted -o /home/site/wwwroot --platform nodejs --platform-version 20 -p virtualenv_name= --log-file /tmp/build-debug.log  -i /tmp/8ddda3cda8a26f0 -p compress_node_modules=tar-gz | tee /tmp/oryx-build.log ; exit $PIPESTATUS &quot;" stackTrace="   at Kudu.Core.Infrastructure.Executable.ExecuteInternal(ITracer tracer, Func`2 onWriteOutput, Func`2 onWriteError, CancellationToken token, Encoding encoding, String arguments, Object[] args) in /tmp/KuduLite/Kudu.Core/Infrastructure/Executable.cs:line 239
   at Kudu.Core.Infrastructure.Executable.ExecuteWithProgressWriter(ILogger logger, ITracer tracer, CancellationToken token, String arguments, Object[] args) in /tmp/KuduLite/Kudu.Core/Infrastructure/Executable.cs:line 118
   at Kudu.Core.Deployment.Generator.ExternalCommandBuilder.RunCommand(DeploymentContext context, String command, Boolean ignoreManifest, CancellationToken token, String message) in /tmp/KuduLite/Kudu.Core/Deployment/Generator/ExternalCommandBuilder.cs:line 122" /><!-- duration: 3ms -->
              <step title="Error occurred" date="2025-08-13T07:42:14.700" type="error" text="npm warn config production Use `--omit=dev` instead.
npm warn config production Use `--omit=dev` instead.
npm warn deprecated @types/socket.io-client@3.0.0: This is a stub types definition. socket.io-client provides its own type definitions, so you do not need this installed.
npm warn deprecated inflight@1.0.6: This module is not supported, and leaks memory. Do not use it. Check out lru-cache if you want a good and tested way to coalesce async requests by a key value, which is much more comprehensive and powerful.
npm warn deprecated source-map-url@0.4.1: See https://github.com/lydell/source-map-url#deprecated
npm warn deprecated urix@0.1.0: Please see https://github.com/lydell/urix#deprecated
npm warn deprecated resolve-url@0.2.1: https://github.com/lydell/resolve-url#deprecated
npm warn deprecated glob@7.2.3: Glob versions prior to v9 are no longer supported
npm warn deprecated source-map-resolve@0.5.3: See https://github.com/lydell/source-map-resolve#deprecated
npm warn deprecated node-domexception@1.0.0: Use your platform&apos;s native DOMException instead
npm warn deprecated @google/maps@1.1.3: Please use @googlemaps/google-maps-services-js instead.
npm warn deprecated core-js@2.6.12: core-js@&lt;3.23.3 is no longer maintained and not recommended for usage due to the number of issues. Because of the V8 engine whims, feature detection in old core-js versions could cause a slowdown up to 100x even if nothing is polyfilled. Some versions have web compatibility issues. Please, upgrade your dependencies to the actual version of core-js.
npm warn config production Use `--omit=dev` instead.
npm warn config production Use `--omit=dev` instead.
npm warn config production Use `--omit=dev` instead.

/index.css doesn&apos;t exist at build time, it will remain unchanged to be resolved at runtime
✗ Build failed in 4.71s
error during build:
[vite:react-babel] /tmp/8ddda3cda8a26f0/admin/AdminPortal.tsx: Unexpected token (28:2)

  26 |   | &apos;apiCost&apos;
  27 |   | &apos;apiInsights&apos;;
&gt; 28 |   | &apos;apiInsights&apos;;
     |   ^
  29 |
  30 | interface AdminPortalProps {
  31 |   currentUser: CurrentUser | null;
file: /tmp/8ddda3cda8a26f0/admin/AdminPortal.tsx:28:2
    at constructor (/tmp/8ddda3cda8a26f0/node_modules/@babel/parser/lib/index.js:367:19)
    at TypeScriptParserMixin.raise (/tmp/8ddda3cda8a26f0/node_modules/@babel/parser/lib/index.js:6627:19)
    at TypeScriptParserMixin.unexpected (/tmp/8ddda3cda8a26f0/node_modules/@babel/parser/lib/index.js:6647:16)
    at TypeScriptParserMixin.parseExprAtom (/tmp/8ddda3cda8a26f0/node_modules/@babel/parser/lib/index.js:11442:16)
    at TypeScriptParserMixin.parseExprAtom (/tmp/8ddda3cda8a26f0/node_modules/@babel/parser/lib/index.js:4794:20)
    at TypeScriptParserMixin.parseExprSubscripts (/tmp/8ddda3cda8a26f0/node_modules/@babel/parser/lib/index.js:11076:23)
    at TypeScriptParserMixin.parseUpdate (/tmp/8ddda3cda8a26f0/node_modules/@babel/parser/lib/index.js:11061:21)
    at TypeScriptParserMixin.parseMaybeUnary (/tmp/8ddda3cda8a26f0/node_modules/@babel/parser/lib/index.js:11041:23)
    at TypeScriptParserMixin.parseMaybeUnary (/tmp/8ddda3cda8a26f0/node_modules/@babel/parser/lib/index.js:9852:18)
    at TypeScriptParserMixin.parseMaybeUnaryOrPrivate (/tmp/8ddda3cda8a26f0/node_modules/@babel/parser/lib/index.js:10894:61)
    at TypeScriptParserMixin.parseExprOps (/tmp/8ddda3cda8a26f0/node_modules/@babel/parser/lib/index.js:10899:23)
    at TypeScriptParserMixin.parseMaybeConditional (/tmp/8ddda3cda8a26f0/node_modules/@babel/parser/lib/index.js:10876:23)
    at TypeScriptParserMixin.parseMaybeAssign (/tmp/8ddda3cda8a26f0/node_modules/@babel/parser/lib/index.js:10826:21)
    at TypeScriptParserMixin.parseMaybeAssign (/tmp/8ddda3cda8a26f0/node_modules/@babel/parser/lib/index.js:9801:20)
    at TypeScriptParserMixin.parseExpressionBase (/tmp/8ddda3cda8a26f0/node_modules/@babel/parser/lib/index.js:10779:23)
    at /tmp/8ddda3cda8a26f0/node_modules/@babel/parser/lib/index.js:10775:39
    at TypeScriptParserMixin.allowInAnd (/tmp/8ddda3cda8a26f0/node_modules/@babel/parser/lib/index.js:12422:16)
    at TypeScriptParserMixin.parseExpression (/tmp/8ddda3cda8a26f0/node_modules/@babel/parser/lib/index.js:10775:17)
    at TypeScriptParserMixin.parseStatementContent (/tmp/8ddda3cda8a26f0/node_modules/@babel/parser/lib/index.js:12895:23)
    at TypeScriptParserMixin.parseStatementContent (/tmp/8ddda3cda8a26f0/node_modules/@babel/parser/lib/index.js:9527:18)
    at TypeScriptParserMixin.parseStatementLike (/tmp/8ddda3cda8a26f0/node_modules/@babel/parser/lib/index.js:12767:17)
    at TypeScriptParserMixin.parseModuleItem (/tmp/8ddda3cda8a26f0/node_modules/@babel/parser/lib/index.js:12744:17)
    at TypeScriptParserMixin.parseBlockOrModuleBlockBody (/tmp/8ddda3cda8a26f0/node_modules/@babel/parser/lib/index.js:13316:36)
    at TypeScriptParserMixin.parseBlockBody (/tmp/8ddda3cda8a26f0/node_modules/@babel/parser/lib/index.js:13309:10)
    at TypeScriptParserMixin.parseProgram (/tmp/8ddda3cda8a26f0/node_modules/@babel/parser/lib/index.js:12625:10)
    at TypeScriptParserMixin.parseTopLevel (/tmp/8ddda3cda8a26f0/node_modules/@babel/parser/lib/index.js:12615:25)
    at TypeScriptParserMixin.parse (/tmp/8ddda3cda8a26f0/node_modules/@babel/parser/lib/index.js:14492:10)
    at TypeScriptParserMixin.parse (/tmp/8ddda3cda8a26f0/node_modules/@babel/parser/lib/index.js:10144:18)
    at parse (/tmp/8ddda3cda8a26f0/node_modules/@babel/parser/lib/index.js:14526:38)
    at parser (/tmp/8ddda3cda8a26f0/node_modules/@babel/core/lib/parser/index.js:41:34)
    at parser.next (&lt;anonymous&gt;)
    at normalizeFile (/tmp/8ddda3cda8a26f0/node_modules/@babel/core/lib/transformation/normalize-file.js:64:37)
    at normalizeFile.next (&lt;anonymous&gt;)
    at run (/tmp/8ddda3cda8a26f0/node_modules/@babel/core/lib/transformation/index.js:22:50)
    at run.next (&lt;anonymous&gt;)
    at transform (/tmp/8ddda3cda8a26f0/node_modules/@babel/core/lib/transform.js:22:33)
    at transform.next (&lt;anonymous&gt;)
    at step (/tmp/8ddda3cda8a26f0/node_modules/gensync/index.js:261:32)
    at evaluateAsync (/tmp/8ddda3cda8a26f0/node_modules/gensync/index.js:291:5)
    at /tmp/8ddda3cda8a26f0/node_modules/gensync/index.js:93:9
    at new Promise (&lt;anonymous&gt;)
    at async (/tmp/8ddda3cda8a26f0/node_modules/gensync/index.js:92:14)
    at stopHiding - secret - don&apos;t use this - v1 (/tmp/8ddda3cda8a26f0/node_modules/@babel/core/lib/errors/rewrite-stack-trace.js:47:12)
    at Module.transformAsync (/tmp/8ddda3cda8a26f0/node_modules/@babel/core/lib/transform.js:45:77)
    at Object.handler (file:///tmp/8ddda3cda8a26f0/node_modules/@vitejs/plugin-react/dist/index.js:195:34)
/bin/bash -c &quot;oryx build /tmp/zipdeploy/extracted -o /home/site/wwwroot --platform nodejs --platform-version 20 -p virtualenv_name= --log-file /tmp/build-debug.log  -i /tmp/8ddda3cda8a26f0 -p compress_node_modules=tar-gz | tee /tmp/oryx-build.log ; exit $PIPESTATUS &quot;" stackTrace="   at Kudu.Core.Infrastructure.Executable.ExecuteInternal(ITracer tracer, Func`2 onWriteOutput, Func`2 onWriteError, CancellationToken token, Encoding encoding, String arguments, Object[] args) in /tmp/KuduLite/Kudu.Core/Infrastructure/Executable.cs:line 239
   at Kudu.Core.Infrastructure.Executable.ExecuteWithProgressWriter(ILogger logger, ITracer tracer, CancellationToken token, String arguments, Object[] args) in /tmp/KuduLite/Kudu.Core/Infrastructure/Executable.cs:line 118
   at Kudu.Core.Deployment.Generator.ExternalCommandBuilder.RunCommand(DeploymentContext context, String command, Boolean ignoreManifest, CancellationToken token, String message) in /tmp/KuduLite/Kudu.Core/Deployment/Generator/ExternalCommandBuilder.cs:line 122
   at Kudu.Core.Deployment.Generator.OryxBuilder.RunBuildCommand(IOryxArguments args, DeploymentContext context, CancellationToken token) in /tmp/KuduLite/Kudu.Core/Deployment/Generator/OryxBuilder.cs:line 282
   at Kudu.Core.Deployment.Generator.OryxBuilder.Build(DeploymentContext context, CancellationToken token) in /tmp/KuduLite/Kudu.Core/Deployment/Generator/OryxBuilder.cs:line 123
   at Kudu.Core.Deployment.DeploymentManager.Build(ChangeSet changeSet, ITracer tracer, IDisposable deployStep, IRepository repository, DeploymentInfoBase deploymentInfo, DeploymentAnalytics deploymentAnalytics, Boolean fullBuildByDefault, CancellationToken cancellationToken) in /tmp/KuduLite/Kudu.Core/Deployment/DeploymentManager.cs:line 771" /><!-- duration: 2ms -->
              <step title="Using GenericDeploymentLogParser" date="2025-08-13T07:42:14.859" /><!-- duration: 5ms -->
            </step><!-- duration: 30189ms -->
          </step><!-- duration: 30288ms -->
          <step title="Error occurred" date="2025-08-13T07:42:15.992" type="error" text="npm warn config production Use `--omit=dev` instead.
npm warn config production Use `--omit=dev` instead.
npm warn deprecated @types/socket.io-client@3.0.0: This is a stub types definition. socket.io-client provides its own type definitions, so you do not need this installed.
npm warn deprecated inflight@1.0.6: This module is not supported, and leaks memory. Do not use it. Check out lru-cache if you want a good and tested way to coalesce async requests by a key value, which is much more comprehensive and powerful.
npm warn deprecated source-map-url@0.4.1: See https://github.com/lydell/source-map-url#deprecated
npm warn deprecated urix@0.1.0: Please see https://github.com/lydell/urix#deprecated
npm warn deprecated resolve-url@0.2.1: https://github.com/lydell/resolve-url#deprecated
npm warn deprecated glob@7.2.3: Glob versions prior to v9 are no longer supported
npm warn deprecated source-map-resolve@0.5.3: See https://github.com/lydell/source-map-resolve#deprecated
npm warn deprecated node-domexception@1.0.0: Use your platform&apos;s native DOMException instead
npm warn deprecated @google/maps@1.1.3: Please use @googlemaps/google-maps-services-js instead.
npm warn deprecated core-js@2.6.12: core-js@&lt;3.23.3 is no longer maintained and not recommended for usage due to the number of issues. Because of the V8 engine whims, feature detection in old core-js versions could cause a slowdown up to 100x even if nothing is polyfilled. Some versions have web compatibility issues. Please, upgrade your dependencies to the actual version of core-js.
npm warn config production Use `--omit=dev` instead.
npm warn config production Use `--omit=dev` instead.
npm warn config production Use `--omit=dev` instead.

/index.css doesn&apos;t exist at build time, it will remain unchanged to be resolved at runtime
✗ Build failed in 4.71s
error during build:
[vite:react-babel] /tmp/8ddda3cda8a26f0/admin/AdminPortal.tsx: Unexpected token (28:2)

  26 |   | &apos;apiCost&apos;
  27 |   | &apos;apiInsights&apos;;
&gt; 28 |   | &apos;apiInsights&apos;;
     |   ^
  29 |
  30 | interface AdminPortalProps {
  31 |   currentUser: CurrentUser | null;
file: /tmp/8ddda3cda8a26f0/admin/AdminPortal.tsx:28:2
    at constructor (/tmp/8ddda3cda8a26f0/node_modules/@babel/parser/lib/index.js:367:19)
    at TypeScriptParserMixin.raise (/tmp/8ddda3cda8a26f0/node_modules/@babel/parser/lib/index.js:6627:19)
    at TypeScriptParserMixin.unexpected (/tmp/8ddda3cda8a26f0/node_modules/@babel/parser/lib/index.js:6647:16)
    at TypeScriptParserMixin.parseExprAtom (/tmp/8ddda3cda8a26f0/node_modules/@babel/parser/lib/index.js:11442:16)
    at TypeScriptParserMixin.parseExprAtom (/tmp/8ddda3cda8a26f0/node_modules/@babel/parser/lib/index.js:4794:20)
    at TypeScriptParserMixin.parseExprSubscripts (/tmp/8ddda3cda8a26f0/node_modules/@babel/parser/lib/index.js:11076:23)
    at TypeScriptParserMixin.parseUpdate (/tmp/8ddda3cda8a26f0/node_modules/@babel/parser/lib/index.js:11061:21)
    at TypeScriptParserMixin.parseMaybeUnary (/tmp/8ddda3cda8a26f0/node_modules/@babel/parser/lib/index.js:11041:23)
    at TypeScriptParserMixin.parseMaybeUnary (/tmp/8ddda3cda8a26f0/node_modules/@babel/parser/lib/index.js:9852:18)
    at TypeScriptParserMixin.parseMaybeUnaryOrPrivate (/tmp/8ddda3cda8a26f0/node_modules/@babel/parser/lib/index.js:10894:61)
    at TypeScriptParserMixin.parseExprOps (/tmp/8ddda3cda8a26f0/node_modules/@babel/parser/lib/index.js:10899:23)
    at TypeScriptParserMixin.parseMaybeConditional (/tmp/8ddda3cda8a26f0/node_modules/@babel/parser/lib/index.js:10876:23)
    at TypeScriptParserMixin.parseMaybeAssign (/tmp/8ddda3cda8a26f0/node_modules/@babel/parser/lib/index.js:10826:21)
    at TypeScriptParserMixin.parseMaybeAssign (/tmp/8ddda3cda8a26f0/node_modules/@babel/parser/lib/index.js:9801:20)
    at TypeScriptParserMixin.parseExpressionBase (/tmp/8ddda3cda8a26f0/node_modules/@babel/parser/lib/index.js:10779:23)
    at /tmp/8ddda3cda8a26f0/node_modules/@babel/parser/lib/index.js:10775:39
    at TypeScriptParserMixin.allowInAnd (/tmp/8ddda3cda8a26f0/node_modules/@babel/parser/lib/index.js:12422:16)
    at TypeScriptParserMixin.parseExpression (/tmp/8ddda3cda8a26f0/node_modules/@babel/parser/lib/index.js:10775:17)
    at TypeScriptParserMixin.parseStatementContent (/tmp/8ddda3cda8a26f0/node_modules/@babel/parser/lib/index.js:12895:23)
    at TypeScriptParserMixin.parseStatementContent (/tmp/8ddda3cda8a26f0/node_modules/@babel/parser/lib/index.js:9527:18)
    at TypeScriptParserMixin.parseStatementLike (/tmp/8ddda3cda8a26f0/node_modules/@babel/parser/lib/index.js:12767:17)
    at TypeScriptParserMixin.parseModuleItem (/tmp/8ddda3cda8a26f0/node_modules/@babel/parser/lib/index.js:12744:17)
    at TypeScriptParserMixin.parseBlockOrModuleBlockBody (/tmp/8ddda3cda8a26f0/node_modules/@babel/parser/lib/index.js:13316:36)
    at TypeScriptParserMixin.parseBlockBody (/tmp/8ddda3cda8a26f0/node_modules/@babel/parser/lib/index.js:13309:10)
    at TypeScriptParserMixin.parseProgram (/tmp/8ddda3cda8a26f0/node_modules/@babel/parser/lib/index.js:12625:10)
    at TypeScriptParserMixin.parseTopLevel (/tmp/8ddda3cda8a26f0/node_modules/@babel/parser/lib/index.js:12615:25)
    at TypeScriptParserMixin.parse (/tmp/8ddda3cda8a26f0/node_modules/@babel/parser/lib/index.js:14492:10)
    at TypeScriptParserMixin.parse (/tmp/8ddda3cda8a26f0/node_modules/@babel/parser/lib/index.js:10144:18)
    at parse (/tmp/8ddda3cda8a26f0/node_modules/@babel/parser/lib/index.js:14526:38)
    at parser (/tmp/8ddda3cda8a26f0/node_modules/@babel/core/lib/parser/index.js:41:34)
    at parser.next (&lt;anonymous&gt;)
    at normalizeFile (/tmp/8ddda3cda8a26f0/node_modules/@babel/core/lib/transformation/normalize-file.js:64:37)
    at normalizeFile.next (&lt;anonymous&gt;)
    at run (/tmp/8ddda3cda8a26f0/node_modules/@babel/core/lib/transformation/index.js:22:50)
    at run.next (&lt;anonymous&gt;)
    at transform (/tmp/8ddda3cda8a26f0/node_modules/@babel/core/lib/transform.js:22:33)
    at transform.next (&lt;anonymous&gt;)
    at step (/tmp/8ddda3cda8a26f0/node_modules/gensync/index.js:261:32)
    at evaluateAsync (/tmp/8ddda3cda8a26f0/node_modules/gensync/index.js:291:5)
    at /tmp/8ddda3cda8a26f0/node_modules/gensync/index.js:93:9
    at new Promise (&lt;anonymous&gt;)
    at async (/tmp/8ddda3cda8a26f0/node_modules/gensync/index.js:92:14)
    at stopHiding - secret - don&apos;t use this - v1 (/tmp/8ddda3cda8a26f0/node_modules/@babel/core/lib/errors/rewrite-stack-trace.js:47:12)
    at Module.transformAsync (/tmp/8ddda3cda8a26f0/node_modules/@babel/core/lib/transform.js:45:77)
    at Object.handler (file:///tmp/8ddda3cda8a26f0/node_modules/@vitejs/plugin-react/dist/index.js:195:34)
/bin/bash -c &quot;oryx build /tmp/zipdeploy/extracted -o /home/site/wwwroot --platform nodejs --platform-version 20 -p virtualenv_name= --log-file /tmp/build-debug.log  -i /tmp/8ddda3cda8a26f0 -p compress_node_modules=tar-gz | tee /tmp/oryx-build.log ; exit $PIPESTATUS &quot;" stackTrace="   at Kudu.Core.Infrastructure.Executable.ExecuteInternal(ITracer tracer, Func`2 onWriteOutput, Func`2 onWriteError, CancellationToken token, Encoding encoding, String arguments, Object[] args) in /tmp/KuduLite/Kudu.Core/Infrastructure/Executable.cs:line 239
   at Kudu.Core.Infrastructure.Executable.ExecuteWithProgressWriter(ILogger logger, ITracer tracer, CancellationToken token, String arguments, Object[] args) in /tmp/KuduLite/Kudu.Core/Infrastructure/Executable.cs:line 118
   at Kudu.Core.Deployment.Generator.ExternalCommandBuilder.RunCommand(DeploymentContext context, String command, Boolean ignoreManifest, CancellationToken token, String message) in /tmp/KuduLite/Kudu.Core/Deployment/Generator/ExternalCommandBuilder.cs:line 122
   at Kudu.Core.Deployment.Generator.OryxBuilder.RunBuildCommand(IOryxArguments args, DeploymentContext context, CancellationToken token) in /tmp/KuduLite/Kudu.Core/Deployment/Generator/OryxBuilder.cs:line 282
   at Kudu.Core.Deployment.Generator.OryxBuilder.Build(DeploymentContext context, CancellationToken token) in /tmp/KuduLite/Kudu.Core/Deployment/Generator/OryxBuilder.cs:line 123
   at Kudu.Core.Deployment.DeploymentManager.Build(ChangeSet changeSet, ITracer tracer, IDisposable deployStep, IRepository repository, DeploymentInfoBase deploymentInfo, DeploymentAnalytics deploymentAnalytics, Boolean fullBuildByDefault, CancellationToken cancellationToken) in /tmp/KuduLite/Kudu.Core/Deployment/DeploymentManager.cs:line 771
   at Kudu.Core.Deployment.DeploymentManager.Build(ChangeSet changeSet, ITracer tracer, IDisposable deployStep, IRepository repository, DeploymentInfoBase deploymentInfo, DeploymentAnalytics deploymentAnalytics, Boolean fullBuildByDefault, CancellationToken cancellationToken) in /tmp/KuduLite/Kudu.Core/Deployment/DeploymentManager.cs:line 840" /><!-- duration: 3ms -->
          <step title="Cleaning up temp files" date="2025-08-13T07:42:16.033" /><!-- duration: 968ms -->
          <step title="Cleaning up temp files" date="2025-08-13T07:42:17.006" /><!-- duration: 503ms -->
          <step title="Error occurred" date="2025-08-13T07:42:17.531" type="error" text="npm warn config production Use `--omit=dev` instead.
npm warn config production Use `--omit=dev` instead.
npm warn deprecated @types/socket.io-client@3.0.0: This is a stub types definition. socket.io-client provides its own type definitions, so you do not need this installed.
npm warn deprecated inflight@1.0.6: This module is not supported, and leaks memory. Do not use it. Check out lru-cache if you want a good and tested way to coalesce async requests by a key value, which is much more comprehensive and powerful.
npm warn deprecated source-map-url@0.4.1: See https://github.com/lydell/source-map-url#deprecated
npm warn deprecated urix@0.1.0: Please see https://github.com/lydell/urix#deprecated
npm warn deprecated resolve-url@0.2.1: https://github.com/lydell/resolve-url#deprecated
npm warn deprecated glob@7.2.3: Glob versions prior to v9 are no longer supported
npm warn deprecated source-map-resolve@0.5.3: See https://github.com/lydell/source-map-resolve#deprecated
npm warn deprecated node-domexception@1.0.0: Use your platform&apos;s native DOMException instead
npm warn deprecated @google/maps@1.1.3: Please use @googlemaps/google-maps-services-js instead.
npm warn deprecated core-js@2.6.12: core-js@&lt;3.23.3 is no longer maintained and not recommended for usage due to the number of issues. Because of the V8 engine whims, feature detection in old core-js versions could cause a slowdown up to 100x even if nothing is polyfilled. Some versions have web compatibility issues. Please, upgrade your dependencies to the actual version of core-js.
npm warn config production Use `--omit=dev` instead.
npm warn config production Use `--omit=dev` instead.
npm warn config production Use `--omit=dev` instead.

/index.css doesn&apos;t exist at build time, it will remain unchanged to be resolved at runtime
✗ Build failed in 4.71s
error during build:
[vite:react-babel] /tmp/8ddda3cda8a26f0/admin/AdminPortal.tsx: Unexpected token (28:2)

  26 |   | &apos;apiCost&apos;
  27 |   | &apos;apiInsights&apos;;
&gt; 28 |   | &apos;apiInsights&apos;;
     |   ^
  29 |
  30 | interface AdminPortalProps {
  31 |   currentUser: CurrentUser | null;
file: /tmp/8ddda3cda8a26f0/admin/AdminPortal.tsx:28:2
    at constructor (/tmp/8ddda3cda8a26f0/node_modules/@babel/parser/lib/index.js:367:19)
    at TypeScriptParserMixin.raise (/tmp/8ddda3cda8a26f0/node_modules/@babel/parser/lib/index.js:6627:19)
    at TypeScriptParserMixin.unexpected (/tmp/8ddda3cda8a26f0/node_modules/@babel/parser/lib/index.js:6647:16)
    at TypeScriptParserMixin.parseExprAtom (/tmp/8ddda3cda8a26f0/node_modules/@babel/parser/lib/index.js:11442:16)
    at TypeScriptParserMixin.parseExprAtom (/tmp/8ddda3cda8a26f0/node_modules/@babel/parser/lib/index.js:4794:20)
    at TypeScriptParserMixin.parseExprSubscripts (/tmp/8ddda3cda8a26f0/node_modules/@babel/parser/lib/index.js:11076:23)
    at TypeScriptParserMixin.parseUpdate (/tmp/8ddda3cda8a26f0/node_modules/@babel/parser/lib/index.js:11061:21)
    at TypeScriptParserMixin.parseMaybeUnary (/tmp/8ddda3cda8a26f0/node_modules/@babel/parser/lib/index.js:11041:23)
    at TypeScriptParserMixin.parseMaybeUnary (/tmp/8ddda3cda8a26f0/node_modules/@babel/parser/lib/index.js:9852:18)
    at TypeScriptParserMixin.parseMaybeUnaryOrPrivate (/tmp/8ddda3cda8a26f0/node_modules/@babel/parser/lib/index.js:10894:61)
    at TypeScriptParserMixin.parseExprOps (/tmp/8ddda3cda8a26f0/node_modules/@babel/parser/lib/index.js:10899:23)
    at TypeScriptParserMixin.parseMaybeConditional (/tmp/8ddda3cda8a26f0/node_modules/@babel/parser/lib/index.js:10876:23)
    at TypeScriptParserMixin.parseMaybeAssign (/tmp/8ddda3cda8a26f0/node_modules/@babel/parser/lib/index.js:10826:21)
    at TypeScriptParserMixin.parseMaybeAssign (/tmp/8ddda3cda8a26f0/node_modules/@babel/parser/lib/index.js:9801:20)
    at TypeScriptParserMixin.parseExpressionBase (/tmp/8ddda3cda8a26f0/node_modules/@babel/parser/lib/index.js:10779:23)
    at /tmp/8ddda3cda8a26f0/node_modules/@babel/parser/lib/index.js:10775:39
    at TypeScriptParserMixin.allowInAnd (/tmp/8ddda3cda8a26f0/node_modules/@babel/parser/lib/index.js:12422:16)
    at TypeScriptParserMixin.parseExpression (/tmp/8ddda3cda8a26f0/node_modules/@babel/parser/lib/index.js:10775:17)
    at TypeScriptParserMixin.parseStatementContent (/tmp/8ddda3cda8a26f0/node_modules/@babel/parser/lib/index.js:12895:23)
    at TypeScriptParserMixin.parseStatementContent (/tmp/8ddda3cda8a26f0/node_modules/@babel/parser/lib/index.js:9527:18)
    at TypeScriptParserMixin.parseStatementLike (/tmp/8ddda3cda8a26f0/node_modules/@babel/parser/lib/index.js:12767:17)
    at TypeScriptParserMixin.parseModuleItem (/tmp/8ddda3cda8a26f0/node_modules/@babel/parser/lib/index.js:12744:17)
    at TypeScriptParserMixin.parseBlockOrModuleBlockBody (/tmp/8ddda3cda8a26f0/node_modules/@babel/parser/lib/index.js:13316:36)
    at TypeScriptParserMixin.parseBlockBody (/tmp/8ddda3cda8a26f0/node_modules/@babel/parser/lib/index.js:13309:10)
    at TypeScriptParserMixin.parseProgram (/tmp/8ddda3cda8a26f0/node_modules/@babel/parser/lib/index.js:12625:10)
    at TypeScriptParserMixin.parseTopLevel (/tmp/8ddda3cda8a26f0/node_modules/@babel/parser/lib/index.js:12615:25)
    at TypeScriptParserMixin.parse (/tmp/8ddda3cda8a26f0/node_modules/@babel/parser/lib/index.js:14492:10)
    at TypeScriptParserMixin.parse (/tmp/8ddda3cda8a26f0/node_modules/@babel/parser/lib/index.js:10144:18)
    at parse (/tmp/8ddda3cda8a26f0/node_modules/@babel/parser/lib/index.js:14526:38)
    at parser (/tmp/8ddda3cda8a26f0/node_modules/@babel/core/lib/parser/index.js:41:34)
    at parser.next (&lt;anonymous&gt;)
    at normalizeFile (/tmp/8ddda3cda8a26f0/node_modules/@babel/core/lib/transformation/normalize-file.js:64:37)
    at normalizeFile.next (&lt;anonymous&gt;)
    at run (/tmp/8ddda3cda8a26f0/node_modules/@babel/core/lib/transformation/index.js:22:50)
    at run.next (&lt;anonymous&gt;)
    at transform (/tmp/8ddda3cda8a26f0/node_modules/@babel/core/lib/transform.js:22:33)
    at transform.next (&lt;anonymous&gt;)
    at step (/tmp/8ddda3cda8a26f0/node_modules/gensync/index.js:261:32)
    at evaluateAsync (/tmp/8ddda3cda8a26f0/node_modules/gensync/index.js:291:5)
    at /tmp/8ddda3cda8a26f0/node_modules/gensync/index.js:93:9
    at new Promise (&lt;anonymous&gt;)
    at async (/tmp/8ddda3cda8a26f0/node_modules/gensync/index.js:92:14)
    at stopHiding - secret - don&apos;t use this - v1 (/tmp/8ddda3cda8a26f0/node_modules/@babel/core/lib/errors/rewrite-stack-trace.js:47:12)
    at Module.transformAsync (/tmp/8ddda3cda8a26f0/node_modules/@babel/core/lib/transform.js:45:77)
    at Object.handler (file:///tmp/8ddda3cda8a26f0/node_modules/@vitejs/plugin-react/dist/index.js:195:34)
/bin/bash -c &quot;oryx build /tmp/zipdeploy/extracted -o /home/site/wwwroot --platform nodejs --platform-version 20 -p virtualenv_name= --log-file /tmp/build-debug.log  -i /tmp/8ddda3cda8a26f0 -p compress_node_modules=tar-gz | tee /tmp/oryx-build.log ; exit $PIPESTATUS &quot;" stackTrace="   at Kudu.Core.Infrastructure.Executable.ExecuteInternal(ITracer tracer, Func`2 onWriteOutput, Func`2 onWriteError, CancellationToken token, Encoding encoding, String arguments, Object[] args) in /tmp/KuduLite/Kudu.Core/Infrastructure/Executable.cs:line 239
   at Kudu.Core.Infrastructure.Executable.ExecuteWithProgressWriter(ILogger logger, ITracer tracer, CancellationToken token, String arguments, Object[] args) in /tmp/KuduLite/Kudu.Core/Infrastructure/Executable.cs:line 118
   at Kudu.Core.Deployment.Generator.ExternalCommandBuilder.RunCommand(DeploymentContext context, String command, Boolean ignoreManifest, CancellationToken token, String message) in /tmp/KuduLite/Kudu.Core/Deployment/Generator/ExternalCommandBuilder.cs:line 122
   at Kudu.Core.Deployment.Generator.OryxBuilder.RunBuildCommand(IOryxArguments args, DeploymentContext context, CancellationToken token) in /tmp/KuduLite/Kudu.Core/Deployment/Generator/OryxBuilder.cs:line 282
   at Kudu.Core.Deployment.Generator.OryxBuilder.Build(DeploymentContext context, CancellationToken token) in /tmp/KuduLite/Kudu.Core/Deployment/Generator/OryxBuilder.cs:line 123
   at Kudu.Core.Deployment.DeploymentManager.Build(ChangeSet changeSet, ITracer tracer, IDisposable deployStep, IRepository repository, DeploymentInfoBase deploymentInfo, DeploymentAnalytics deploymentAnalytics, Boolean fullBuildByDefault, CancellationToken cancellationToken) in /tmp/KuduLite/Kudu.Core/Deployment/DeploymentManager.cs:line 771
   at Kudu.Core.Deployment.DeploymentManager.Build(ChangeSet changeSet, ITracer tracer, IDisposable deployStep, IRepository repository, DeploymentInfoBase deploymentInfo, DeploymentAnalytics deploymentAnalytics, Boolean fullBuildByDefault, CancellationToken cancellationToken) in /tmp/KuduLite/Kudu.Core/Deployment/DeploymentManager.cs:line 840
   at Kudu.Core.Deployment.DeploymentManager.DeployAsync(IRepository repository, ChangeSet changeSet, String deployer, Boolean clean, DeploymentInfoBase deploymentInfo, Boolean needFileUpdate, Boolean fullBuildByDefault) in /tmp/KuduLite/Kudu.Core/Deployment/DeploymentManager.cs:line 266" /><!-- duration: 2ms -->
        </step><!-- duration: 31922ms -->
        <step title="Reloading status file with latest updates" date="2025-08-13T07:42:17.570" >
          <step title="WebHooksManager.PublishEventAsync: PostDeployment" date="2025-08-13T07:42:17.572" /><!-- duration: 30ms -->
        </step><!-- duration: 35ms -->
        <step title="Error occurred" date="2025-08-13T07:42:17.607" type="error" text="npm warn config production Use `--omit=dev` instead.
npm warn config production Use `--omit=dev` instead.
npm warn deprecated @types/socket.io-client@3.0.0: This is a stub types definition. socket.io-client provides its own type definitions, so you do not need this installed.
npm warn deprecated inflight@1.0.6: This module is not supported, and leaks memory. Do not use it. Check out lru-cache if you want a good and tested way to coalesce async requests by a key value, which is much more comprehensive and powerful.
npm warn deprecated source-map-url@0.4.1: See https://github.com/lydell/source-map-url#deprecated
npm warn deprecated urix@0.1.0: Please see https://github.com/lydell/urix#deprecated
npm warn deprecated resolve-url@0.2.1: https://github.com/lydell/resolve-url#deprecated
npm warn deprecated glob@7.2.3: Glob versions prior to v9 are no longer supported
npm warn deprecated source-map-resolve@0.5.3: See https://github.com/lydell/source-map-resolve#deprecated
npm warn deprecated node-domexception@1.0.0: Use your platform&apos;s native DOMException instead
npm warn deprecated @google/maps@1.1.3: Please use @googlemaps/google-maps-services-js instead.
npm warn deprecated core-js@2.6.12: core-js@&lt;3.23.3 is no longer maintained and not recommended for usage due to the number of issues. Because of the V8 engine whims, feature detection in old core-js versions could cause a slowdown up to 100x even if nothing is polyfilled. Some versions have web compatibility issues. Please, upgrade your dependencies to the actual version of core-js.
npm warn config production Use `--omit=dev` instead.
npm warn config production Use `--omit=dev` instead.
npm warn config production Use `--omit=dev` instead.

/index.css doesn&apos;t exist at build time, it will remain unchanged to be resolved at runtime
✗ Build failed in 4.71s
error during build:
[vite:react-babel] /tmp/8ddda3cda8a26f0/admin/AdminPortal.tsx: Unexpected token (28:2)

  26 |   | &apos;apiCost&apos;
  27 |   | &apos;apiInsights&apos;;
&gt; 28 |   | &apos;apiInsights&apos;;
     |   ^
  29 |
  30 | interface AdminPortalProps {
  31 |   currentUser: CurrentUser | null;
file: /tmp/8ddda3cda8a26f0/admin/AdminPortal.tsx:28:2
    at constructor (/tmp/8ddda3cda8a26f0/node_modules/@babel/parser/lib/index.js:367:19)
    at TypeScriptParserMixin.raise (/tmp/8ddda3cda8a26f0/node_modules/@babel/parser/lib/index.js:6627:19)
    at TypeScriptParserMixin.unexpected (/tmp/8ddda3cda8a26f0/node_modules/@babel/parser/lib/index.js:6647:16)
    at TypeScriptParserMixin.parseExprAtom (/tmp/8ddda3cda8a26f0/node_modules/@babel/parser/lib/index.js:11442:16)
    at TypeScriptParserMixin.parseExprAtom (/tmp/8ddda3cda8a26f0/node_modules/@babel/parser/lib/index.js:4794:20)
    at TypeScriptParserMixin.parseExprSubscripts (/tmp/8ddda3cda8a26f0/node_modules/@babel/parser/lib/index.js:11076:23)
    at TypeScriptParserMixin.parseUpdate (/tmp/8ddda3cda8a26f0/node_modules/@babel/parser/lib/index.js:11061:21)
    at TypeScriptParserMixin.parseMaybeUnary (/tmp/8ddda3cda8a26f0/node_modules/@babel/parser/lib/index.js:11041:23)
    at TypeScriptParserMixin.parseMaybeUnary (/tmp/8ddda3cda8a26f0/node_modules/@babel/parser/lib/index.js:9852:18)
    at TypeScriptParserMixin.parseMaybeUnaryOrPrivate (/tmp/8ddda3cda8a26f0/node_modules/@babel/parser/lib/index.js:10894:61)
    at TypeScriptParserMixin.parseExprOps (/tmp/8ddda3cda8a26f0/node_modules/@babel/parser/lib/index.js:10899:23)
    at TypeScriptParserMixin.parseMaybeConditional (/tmp/8ddda3cda8a26f0/node_modules/@babel/parser/lib/index.js:10876:23)
    at TypeScriptParserMixin.parseMaybeAssign (/tmp/8ddda3cda8a26f0/node_modules/@babel/parser/lib/index.js:10826:21)
    at TypeScriptParserMixin.parseMaybeAssign (/tmp/8ddda3cda8a26f0/node_modules/@babel/parser/lib/index.js:9801:20)
    at TypeScriptParserMixin.parseExpressionBase (/tmp/8ddda3cda8a26f0/node_modules/@babel/parser/lib/index.js:10779:23)
    at /tmp/8ddda3cda8a26f0/node_modules/@babel/parser/lib/index.js:10775:39
    at TypeScriptParserMixin.allowInAnd (/tmp/8ddda3cda8a26f0/node_modules/@babel/parser/lib/index.js:12422:16)
    at TypeScriptParserMixin.parseExpression (/tmp/8ddda3cda8a26f0/node_modules/@babel/parser/lib/index.js:10775:17)
    at TypeScriptParserMixin.parseStatementContent (/tmp/8ddda3cda8a26f0/node_modules/@babel/parser/lib/index.js:12895:23)
    at TypeScriptParserMixin.parseStatementContent (/tmp/8ddda3cda8a26f0/node_modules/@babel/parser/lib/index.js:9527:18)
    at TypeScriptParserMixin.parseStatementLike (/tmp/8ddda3cda8a26f0/node_modules/@babel/parser/lib/index.js:12767:17)
    at TypeScriptParserMixin.parseModuleItem (/tmp/8ddda3cda8a26f0/node_modules/@babel/parser/lib/index.js:12744:17)
    at TypeScriptParserMixin.parseBlockOrModuleBlockBody (/tmp/8ddda3cda8a26f0/node_modules/@babel/parser/lib/index.js:13316:36)
    at TypeScriptParserMixin.parseBlockBody (/tmp/8ddda3cda8a26f0/node_modules/@babel/parser/lib/index.js:13309:10)
    at TypeScriptParserMixin.parseProgram (/tmp/8ddda3cda8a26f0/node_modules/@babel/parser/lib/index.js:12625:10)
    at TypeScriptParserMixin.parseTopLevel (/tmp/8ddda3cda8a26f0/node_modules/@babel/parser/lib/index.js:12615:25)
    at TypeScriptParserMixin.parse (/tmp/8ddda3cda8a26f0/node_modules/@babel/parser/lib/index.js:14492:10)
    at TypeScriptParserMixin.parse (/tmp/8ddda3cda8a26f0/node_modules/@babel/parser/lib/index.js:10144:18)
    at parse (/tmp/8ddda3cda8a26f0/node_modules/@babel/parser/lib/index.js:14526:38)
    at parser (/tmp/8ddda3cda8a26f0/node_modules/@babel/core/lib/parser/index.js:41:34)
    at parser.next (&lt;anonymous&gt;)
    at normalizeFile (/tmp/8ddda3cda8a26f0/node_modules/@babel/core/lib/transformation/normalize-file.js:64:37)
    at normalizeFile.next (&lt;anonymous&gt;)
    at run (/tmp/8ddda3cda8a26f0/node_modules/@babel/core/lib/transformation/index.js:22:50)
    at run.next (&lt;anonymous&gt;)
    at transform (/tmp/8ddda3cda8a26f0/node_modules/@babel/core/lib/transform.js:22:33)
    at transform.next (&lt;anonymous&gt;)
    at step (/tmp/8ddda3cda8a26f0/node_modules/gensync/index.js:261:32)
    at evaluateAsync (/tmp/8ddda3cda8a26f0/node_modules/gensync/index.js:291:5)
    at /tmp/8ddda3cda8a26f0/node_modules/gensync/index.js:93:9
    at new Promise (&lt;anonymous&gt;)
    at async (/tmp/8ddda3cda8a26f0/node_modules/gensync/index.js:92:14)
    at stopHiding - secret - don&apos;t use this - v1 (/tmp/8ddda3cda8a26f0/node_modules/@babel/core/lib/errors/rewrite-stack-trace.js:47:12)
    at Module.transformAsync (/tmp/8ddda3cda8a26f0/node_modules/@babel/core/lib/transform.js:45:77)
    at Object.handler (file:///tmp/8ddda3cda8a26f0/node_modules/@vitejs/plugin-react/dist/index.js:195:34)
/bin/bash -c &quot;oryx build /tmp/zipdeploy/extracted -o /home/site/wwwroot --platform nodejs --platform-version 20 -p virtualenv_name= --log-file /tmp/build-debug.log  -i /tmp/8ddda3cda8a26f0 -p compress_node_modules=tar-gz | tee /tmp/oryx-build.log ; exit $PIPESTATUS &quot;" stackTrace="   at Kudu.Core.Infrastructure.Executable.ExecuteInternal(ITracer tracer, Func`2 onWriteOutput, Func`2 onWriteError, CancellationToken token, Encoding encoding, String arguments, Object[] args) in /tmp/KuduLite/Kudu.Core/Infrastructure/Executable.cs:line 239
   at Kudu.Core.Infrastructure.Executable.ExecuteWithProgressWriter(ILogger logger, ITracer tracer, CancellationToken token, String arguments, Object[] args) in /tmp/KuduLite/Kudu.Core/Infrastructure/Executable.cs:line 118
   at Kudu.Core.Deployment.Generator.ExternalCommandBuilder.RunCommand(DeploymentContext context, String command, Boolean ignoreManifest, CancellationToken token, String message) in /tmp/KuduLite/Kudu.Core/Deployment/Generator/ExternalCommandBuilder.cs:line 122
   at Kudu.Core.Deployment.Generator.OryxBuilder.RunBuildCommand(IOryxArguments args, DeploymentContext context, CancellationToken token) in /tmp/KuduLite/Kudu.Core/Deployment/Generator/OryxBuilder.cs:line 282
   at Kudu.Core.Deployment.Generator.OryxBuilder.Build(DeploymentContext context, CancellationToken token) in /tmp/KuduLite/Kudu.Core/Deployment/Generator/OryxBuilder.cs:line 123
   at Kudu.Core.Deployment.DeploymentManager.Build(ChangeSet changeSet, ITracer tracer, IDisposable deployStep, IRepository repository, DeploymentInfoBase deploymentInfo, DeploymentAnalytics deploymentAnalytics, Boolean fullBuildByDefault, CancellationToken cancellationToken) in /tmp/KuduLite/Kudu.Core/Deployment/DeploymentManager.cs:line 771
   at Kudu.Core.Deployment.DeploymentManager.Build(ChangeSet changeSet, ITracer tracer, IDisposable deployStep, IRepository repository, DeploymentInfoBase deploymentInfo, DeploymentAnalytics deploymentAnalytics, Boolean fullBuildByDefault, CancellationToken cancellationToken) in /tmp/KuduLite/Kudu.Core/Deployment/DeploymentManager.cs:line 840
   at Kudu.Core.Deployment.DeploymentManager.DeployAsync(IRepository repository, ChangeSet changeSet, String deployer, Boolean clean, DeploymentInfoBase deploymentInfo, Boolean needFileUpdate, Boolean fullBuildByDefault) in /tmp/KuduLite/Kudu.Core/Deployment/DeploymentManager.cs:line 266" /><!-- duration: 2ms -->
        <step title="Marking deployment as failed and cleaning up the temp deployment" date="2025-08-13T07:42:17.640" /><!-- duration: 4ms -->
      </step><!-- duration: 33556ms -->
      <step title="Error occurred" date="2025-08-13T07:42:17.732" type="error" text="One or more errors occurred. (Deployment failed)" stackTrace="   at System.Threading.Tasks.Task.ThrowIfExceptional(Boolean includeTaskCanceledExceptions)
   at System.Threading.Tasks.Task.Wait(Int32 millisecondsTimeout, CancellationToken cancellationToken)
   at System.Threading.Tasks.Task.Wait()
   at Kudu.Core.Deployment.FetchDeploymentManager.&lt;&gt;c__DisplayClass22_1.&lt;PerformBackgroundDeployment&gt;b__3() in /tmp/KuduLite/Kudu.Core/Deployment/FetchDeploymentManager.cs:line 414
   at Kudu.Contracts.Infrastructure.LockExtensions.TryLockOperation(IOperationLock lockObj, Action operation, String operationName, TimeSpan timeout) in /tmp/KuduLite/Kudu.Contracts/Infrastructure/LockExtensions.cs:line 34
   at Kudu.Contracts.Infrastructure.LockExtensions.LockOperation(IOperationLock lockObj, Action operation, String operationName, TimeSpan timeout) in /tmp/KuduLite/Kudu.Contracts/Infrastructure/LockExtensions.cs:line 46
   at Kudu.Core.Deployment.FetchDeploymentManager.&lt;&gt;c__DisplayClass22_0.&lt;PerformBackgroundDeployment&gt;b__1() in /tmp/KuduLite/Kudu.Core/Deployment/FetchDeploymentManager.cs:line 393" innerText="Deployment failed" innerStackTrace="   at Kudu.Core.Deployment.DeploymentManager.DeployAsync(IRepository repository, ChangeSet changeSet, String deployer, Boolean clean, DeploymentInfoBase deploymentInfo, Boolean needFileUpdate, Boolean fullBuildByDefault) in /tmp/KuduLite/Kudu.Core/Deployment/DeploymentManager.cs:line 307
   at Kudu.Core.Deployment.FetchDeploymentManager.PerformDeployment(DeploymentInfoBase deploymentInfo, IDisposable tempDeployment, ChangeSet tempChangeSet, DeployStatusApiResult updateStatusObj) in /tmp/KuduLite/Kudu.Core/Deployment/FetchDeploymentManager.cs:line 230" /><!-- duration: 2ms -->
    </step><!-- duration: 33574ms -->
