<step title="Incoming Request" date="2025-08-13T05:23:51.241" instance="6fd4f9" url="/api/publish?async=true&amp;deployer=GITHUB_ONE_DEPLOY&amp;type=zip&amp;message=%7B%22type%22%3A%22deployment%22%2C%22sha%22%3A%2224ae7cf675535a7851cd3e79ff7498338c9dd5a2%22%2C%22repoName%22%3A%22deepalweb%2Ftravelbuddy%22%2C%22actor%22%3A%22deepalweb%22%2C%22slotName%22%3A%22production%22%2C%22commitMessage%22%3A%22Admin%3A%20force-refresh%20Firebase%20ID%20token%20before%20auth%20login%20to%20pick%20up%20admin%20custom%20claims%22%7D" method="POST" type="request" pid="820,1,32" Host="travelbuddy-b2c6hgbbgeh4esdh.scm.eastus2-01.azurewebsites.net" User-Agent="GITHUBACTIONS_DeployWebAppToAzure_b1f87d90bb83c0ff7e0432d6ceec70194ee9cebfedda360691d391da7dc88767" Authorization="Bas..." Content-Type="application/octet-stream" Cookie="ARRAffinity=6fd4f9abf47ac49596ce3a6d8a1fde8f9b930131954ada4e64c68328b6ffcfc8;Path=/;HttpOnly;Secure;Domain=travelbuddy-b2c6hgbbgeh4esdh.scm.eastus2-01.azurewebsites.net; ARRAffinitySameSite=6fd4f9abf47ac49596ce3a6d8a1fde8f9b930131954ada4e64c68328b6ffcfc8;Path=/;HttpOnly;SameSite=None;Secure;Domain=travelbuddy-b2c6hgbbgeh4esdh.scm.eastus2-01.azurewebsites.net" Transfer-Encoding="chunked" X-ARR-LOG-ID="0a594300-218c-4c3e-8f81-fdc3886818dd" CLIENT-IP="4.236.158.84:12289" X-SITE-DEPLOYMENT-ID="travelbuddy" WAS-DEFAULT-HOSTNAME="travelbuddy-b2c6hgbbgeh4esdh.scm.eastus2-01.azurewebsites.net" X-Forwarded-Proto="https" X-AppService-Proto="https" X-Forwarded-TlsVersion="1.3" X-WAWS-Unencoded-URL="/api/publish?async=true&amp;deployer=GITHUB_ONE_DEPLOY&amp;type=zip&amp;message=%7B%22type%22%3A%22deployment%22%2C%22sha%22%3A%2224ae7cf675535a7851cd3e79ff7498338c9dd5a2%22%2C%22repoName%22%3A%22deepalweb%2Ftravelbuddy%22%2C%22actor%22%3A%22deepalweb%22%2C%22slotName%22%3A%22production%22%2C%22commitMessage%22%3A%22Admin%3A%20force-refresh%20Firebase%20ID%20token%20before%20auth%20login%20to%20pick%20up%20admin%20custom%20claims%22%7D" X-Client-IP="4.236.158.84" X-Client-Port="12289" >
  <step title="Cleanup Xml Logs" date="2025-08-13T05:23:51.243" >
    <step title="Cleanup Infos" date="2025-08-13T05:23:51.249" totalFiles="231" totalCleanup="71" /><!-- duration: 2ms -->
  </step><!-- duration: 9ms -->
  <step title="OneDeploy" date="2025-08-13T05:23:51.257" >
    <step title="Starting PushDeployAsync" date="2025-08-13T05:23:51.262" /><!-- duration: 2ms -->
    <step title="Removing node_modules symlink" date="2025-08-13T05:23:51.271" >
      <step title="Writing artifact to /tmp/zipdeploy/89fb19e0-780d-43b8-9695-b8b1d9b44d5d.zip" date="2025-08-13T05:23:51.283" >
        <step title="Writing multipart request body to /tmp/zipdeploy/89fb19e0-780d-43b8-9695-b8b1d9b44d5d.zip" date="2025-08-13T05:23:51.286" /><!-- duration: 6ms -->
      </step><!-- duration: 309ms -->
      <step title="Removing previous build artifact&apos;s manifest file" date="2025-08-13T05:23:51.596" >
        <step title="Start deployment in the background" date="2025-08-13T05:23:51.603" >
          <step title="Acquiring Deployment Lock" date="2025-08-13T05:23:51.608" /><!-- duration: 2ms -->
          <step title="Acquired Deployment Lock" date="2025-08-13T05:23:51.628" /><!-- duration: 2ms -->
        </step><!-- duration: 91ms -->
      </step><!-- duration: 100ms -->
      <step title="Outgoing response" date="2025-08-13T05:23:51.698" type="response" statusCode="202" statusText="Accepted" /><!-- duration: 13ms -->
    </step><!-- duration: 442ms -->
