<step title="BackgroundTrace" date="2025-08-13T08:35:53.747" instance="6fd4f9" url="/api/publish" method="POST" >
  <step title="Creating temporary deployment - FetchDeploymentManager" date="2025-08-13T08:35:53.783" /><!-- duration: 2ms -->
  <step title="Creating temporary deployment" date="2025-08-13T08:35:53.787" /><!-- duration: 58ms -->
  <step title="Performing fetch based deployment" date="2025-08-13T08:35:53.861" >
    <step title="Cleaning up temp folders from previous zip deployments and extracting pushed zip file /tmp/zipdeploy/a273dc4c-97a2-45ff-8e72-be5f36378bc6.zip (34.49 MB) to /tmp/zipdeploy/extracted" date="2025-08-13T08:35:55.014" >
      <step title="ChmodRecursive Process exited with total time taken in ms: 101" date="2025-08-13T08:35:57.092" /><!-- duration: 5ms -->
    </step><!-- duration: 2086ms -->
    <step title="Deployment timer started" date="2025-08-13T08:35:59.108" >
      <step title="DeploymentManager.Deploy(id:3f0b7097-eff9-47b8-9d3f-0d9ebb247999)" date="2025-08-13T08:35:59.112" >
        <step title="Collecting changeset information" date="2025-08-13T08:35:59.122" /><!-- duration: 75ms -->
        <step title="Updating submodules" date="2025-08-13T08:35:59.201" /><!-- duration: 1133ms -->
        <step title="Determining deployment builder" date="2025-08-13T08:36:00.602" >
          <step title="Builder is OryxBuilder" date="2025-08-13T08:36:00.612" /><!-- duration: 2ms -->
        </step><!-- duration: 17ms -->
        <step title="PreDeployment: context.CleanOutputPath False" date="2025-08-13T08:36:00.655" >
          <step title="PreDeployment: context.OutputPath /home/site/wwwroot" date="2025-08-13T08:36:00.742" >
            <step title="Building" date="2025-08-13T08:36:00.907" >
              <step title="Executing external process" date="2025-08-13T08:36:01.207" type="process" path="bash" arguments="-c &quot;oryx build /tmp/zipdeploy/extracted -o /home/site/wwwroot --platform nodejs --platform-version 20 -p virtualenv_name= --log-file /tmp/build-debug.log  -i /tmp/8ddda446eb19c60 -p compress_node_modules=tar-gz | tee /tmp/oryx-build.log ; exit $PIPESTATUS &quot;" /><!-- duration: 100175ms -->
              <step title="Using GenericDeploymentLogParser" date="2025-08-13T08:37:41.695" /><!-- duration: 6ms -->
              <step title="Modified file to trigger a restart of the app container." date="2025-08-13T08:37:42.535" /><!-- duration: 4ms -->
              <step title="Skip function trigger and logicapp sync because function is not enabled." date="2025-08-13T08:37:42.541" /><!-- duration: 2ms -->
              <step title="Purge deployment items" date="2025-08-13T08:37:43.320" >
                <step title="Remove 6acef4d4-, Success, received at 08/12/2025 11:42:18" date="2025-08-13T08:37:43.369" /><!-- duration: 2ms -->
              </step><!-- duration: 54ms -->
            </step><!-- duration: 102536ms -->
          </step><!-- duration: 102722ms -->
          <step title="Cleaning up temp files" date="2025-08-13T08:37:43.466" /><!-- duration: 1090ms -->
          <step title="Cleaning up temp files" date="2025-08-13T08:37:44.562" /><!-- duration: 506ms -->
          <step title="Reloading status file with latest updates" date="2025-08-13T08:37:45.092" >
            <step title="WebHooksManager.PublishEventAsync: PostDeployment" date="2025-08-13T08:37:45.094" /><!-- duration: 24ms -->
          </step><!-- duration: 30ms -->
          <step title="Cleaning up temporary deployment - fetch deployment was successful" date="2025-08-13T08:37:45.149" /><!-- duration: 16ms -->
        </step><!-- duration: 104563ms -->
      </step><!-- duration: 106134ms -->
