<step title="Incoming Request" date="2025-08-15T11:54:44.490" instance="6fd4f9" url="/api/deployments/latest?deployer=OneDeploy&amp;time=2025-08-15_11-53-58Z" method="GET" type="request" pid="821,1,18" Host="travelbuddy-b2c6hgbbgeh4esdh.scm.eastus2-01.azurewebsites.net" User-Agent="GITHUBACTIONS_DeployWebAppToAzure_b1f87d90bb83c0ff7e0432d6ceec70194ee9cebfedda360691d391da7dc88767" Authorization="Bas..." Content-Type="application/json; charset=utf-8" Cookie="ARRAffinity=6fd4f9abf47ac49596ce3a6d8a1fde8f9b930131954ada4e64c68328b6ffcfc8;Path=/;HttpOnly;Secure;Domain=travelbuddy-b2c6hgbbgeh4esdh.scm.eastus2-01.azurewebsites.net; ARRAffinitySameSite=6fd4f9abf47ac49596ce3a6d8a1fde8f9b930131954ada4e64c68328b6ffcfc8;Path=/;HttpOnly;SameSite=None;Secure;Domain=travelbuddy-b2c6hgbbgeh4esdh.scm.eastus2-01.azurewebsites.net" Content-Length="0" X-ARR-LOG-ID="dfd6e39c-d20f-47fa-bb83-e501853573c8" CLIENT-IP="64.236.169.129:49152" X-SITE-DEPLOYMENT-ID="travelbuddy" WAS-DEFAULT-HOSTNAME="travelbuddy-b2c6hgbbgeh4esdh.scm.eastus2-01.azurewebsites.net" X-Forwarded-Proto="https" X-AppService-Proto="https" X-Forwarded-TlsVersion="1.3" X-WAWS-Unencoded-URL="/api/deployments/latest?deployer=OneDeploy&amp;time=2025-08-15_11-53-58Z" X-Client-IP="64.236.169.129" X-Client-Port="49152" >
  <step title="Cleanup Xml Logs" date="2025-08-15T11:54:44.492" >
    <step title="Cleanup Infos" date="2025-08-15T11:54:44.502" totalFiles="461" totalCleanup="301" /><!-- duration: 2ms -->
  </step><!-- duration: 14ms -->
  <step title="DeploymentService.GetResult" date="2025-08-15T11:54:44.514" >
    <step title="DeploymentService.GetLatestDeployment" date="2025-08-15T11:54:44.516" >
      <step title="DeploymentManager.GetResults" date="2025-08-15T11:54:44.519" /><!-- duration: 372ms -->
    </step><!-- duration: 377ms -->
  </step><!-- duration: 381ms -->
  <step title="Outgoing response" date="2025-08-15T11:54:44.897" type="response" statusCode="202" statusText="Accepted" /><!-- duration: 5ms -->
</step><!-- duration: 414ms -->
