<step title="Incoming Request" date="2025-08-13T07:23:24.370" instance="6fd4f9" url="/api/deployments/latest?deployer=OneDeploy&amp;time=2025-08-13_07-22-15Z" method="GET" type="request" pid="821,1,23" Host="travelbuddy-b2c6hgbbgeh4esdh.scm.eastus2-01.azurewebsites.net" User-Agent="GITHUBACTIONS_DeployWebAppToAzure_b1f87d90bb83c0ff7e0432d6ceec70194ee9cebfedda360691d391da7dc88767" Authorization="Bas..." Content-Type="application/json; charset=utf-8" Cookie="ARRAffinity=6fd4f9abf47ac49596ce3a6d8a1fde8f9b930131954ada4e64c68328b6ffcfc8;Path=/;HttpOnly;Secure;Domain=travelbuddy-b2c6hgbbgeh4esdh.scm.eastus2-01.azurewebsites.net; ARRAffinitySameSite=6fd4f9abf47ac49596ce3a6d8a1fde8f9b930131954ada4e64c68328b6ffcfc8;Path=/;HttpOnly;SameSite=None;Secure;Domain=travelbuddy-b2c6hgbbgeh4esdh.scm.eastus2-01.azurewebsites.net" Content-Length="0" X-ARR-LOG-ID="95cc3f08-8b01-497d-80f0-69d48208fc51" CLIENT-IP="20.171.127.98:58433" X-SITE-DEPLOYMENT-ID="travelbuddy" WAS-DEFAULT-HOSTNAME="travelbuddy-b2c6hgbbgeh4esdh.scm.eastus2-01.azurewebsites.net" X-Forwarded-Proto="https" X-AppService-Proto="https" X-Forwarded-TlsVersion="1.3" X-WAWS-Unencoded-URL="/api/deployments/latest?deployer=OneDeploy&amp;time=2025-08-13_07-22-15Z" X-Client-IP="20.171.127.98" X-Client-Port="58433" >
  <step title="Cleanup Xml Logs" date="2025-08-13T07:23:24.374" >
    <step title="Cleanup Infos" date="2025-08-13T07:23:24.387" totalFiles="295" totalCleanup="135" /><!-- duration: 3ms -->
  </step><!-- duration: 19ms -->
  <step title="DeploymentService.GetResult" date="2025-08-13T07:23:24.401" >
    <step title="DeploymentService.GetLatestDeployment" date="2025-08-13T07:23:24.405" >
      <step title="DeploymentManager.GetResults" date="2025-08-13T07:23:24.409" /><!-- duration: 478ms -->
    </step><!-- duration: 486ms -->
  </step><!-- duration: 493ms -->
  <step title="Outgoing response" date="2025-08-13T07:23:24.897" type="response" statusCode="202" statusText="Accepted" /><!-- duration: 3ms -->
</step><!-- duration: 537ms -->
