﻿<?xml version="1.0" encoding="utf-8"?>
<deployment>
  <id>ac1326e3-3ac6-4a12-b3a1-a7387b94b750</id>
  <author>N/A</author>
  <deployer>GITHUB_ZIP_DEPLOY</deployer>
  <authorEmail>N/A</authorEmail>
  <message>{"type":"deployment","sha":"9849a08defc4f77c80e8d353e469a5a3e7f1d895","repoName":"deepalweb/travelbuddy","actor":"deepalweb","slotName":"production","commitMessage":"Phase 1 Global Transport: UI improvements, global registration form, document uploads"}</message>
  <progress></progress>
  <status>Success</status>
  <statusText></statusText>
  <lastSuccessEndTime>2025-11-29T07:03:38.9802871Z</lastSuccessEndTime>
  <receivedTime>2025-11-29T07:03:21.9115837Z</receivedTime>
  <startTime>2025-11-29T07:03:23.2602334Z</startTime>
  <endTime>2025-11-29T07:03:38.9802871Z</endTime>
  <complete>True</complete>
  <is_temp>False</is_temp>
  <is_readonly>True</is_readonly>
  <buildSummary />
</deployment>