﻿<?xml version="1.0" encoding="utf-8"?>
<deployment>
  <id>39566ad0-db29-4005-ae80-2717c21aadf3</id>
  <author>N/A</author>
  <deployer>GITHUB_ZIP_DEPLOY</deployer>
  <authorEmail>N/A</authorEmail>
  <message>{"type":"deployment","sha":"2e7f8e9ce642fac415c2e8e8918af6deb604813d","repoName":"deepalweb/travelbuddy","actor":"deepalweb","slotName":"production","commitMessage":"Enhanced profile page with UX improvements and bug fixes"}</message>
  <progress></progress>
  <status>Success</status>
  <statusText></statusText>
  <lastSuccessEndTime>2025-11-29T13:29:05.0381941Z</lastSuccessEndTime>
  <receivedTime>2025-11-29T13:28:42.9737205Z</receivedTime>
  <startTime>2025-11-29T13:28:44.5254959Z</startTime>
  <endTime>2025-11-29T13:29:05.0381941Z</endTime>
  <complete>True</complete>
  <is_temp>False</is_temp>
  <is_readonly>True</is_readonly>
  <buildSummary />
</deployment>