﻿<?xml version="1.0" encoding="utf-8"?>
<deployment>
  <id>1957074f-55e4-4b0e-823d-a9e1922dbbfd</id>
  <author>N/A</author>
  <deployer>GITHUB_ZIP_DEPLOY</deployer>
  <authorEmail>N/A</authorEmail>
  <message>{"type":"deployment","sha":"e2dec65f8b94c37b10f815eff5a5cc28305d3542","repoName":"deepalweb/travelbuddy","actor":"deepalweb","slotName":"production","commitMessage":"Fix: DELETE trip-plans endpoint to use MongoDB _id from header"}</message>
  <progress></progress>
  <status>Success</status>
  <statusText></statusText>
  <lastSuccessEndTime>2025-11-30T15:25:11.2317779Z</lastSuccessEndTime>
  <receivedTime>2025-11-30T15:24:55.3552071Z</receivedTime>
  <startTime>2025-11-30T15:24:56.9325562Z</startTime>
  <endTime>2025-11-30T15:25:11.2317779Z</endTime>
  <complete>True</complete>
  <is_temp>False</is_temp>
  <is_readonly>True</is_readonly>
  <buildSummary />
</deployment>