﻿<?xml version="1.0" encoding="utf-8"?>
<deployment>
  <id>a36f140c-28b7-4b3d-9797-7b66463bc7da</id>
  <author>N/A</author>
  <deployer>GITHUB_ZIP_DEPLOY</deployer>
  <authorEmail>N/A</authorEmail>
  <message>{"type":"deployment","sha":"7056b8daef3a1c7323e9994885d06294a9a658f4","repoName":"deepalweb/travelbuddy","actor":"deepalweb","slotName":"production","commitMessage":"Fix transport provider registration and display - Use config service for dynamic API URLs, fix rating decimal display, remove mock data"}</message>
  <progress></progress>
  <status>Success</status>
  <statusText></statusText>
  <lastSuccessEndTime>2025-11-29T07:41:10.375334Z</lastSuccessEndTime>
  <receivedTime>2025-11-29T07:40:54.9469932Z</receivedTime>
  <startTime>2025-11-29T07:40:56.5137474Z</startTime>
  <endTime>2025-11-29T07:41:10.375334Z</endTime>
  <complete>True</complete>
  <is_temp>False</is_temp>
  <is_readonly>True</is_readonly>
  <buildSummary />
</deployment>