﻿<?xml version="1.0" encoding="utf-8"?>
<deployment>
  <id>337d4f98-a3c7-4919-a0c0-88111e986ed3</id>
  <author>N/A</author>
  <deployer>GITHUB_ZIP_DEPLOY</deployer>
  <authorEmail>N/A</authorEmail>
  <message>{"type":"deployment","sha":"c394d664127cf0c7c12f35477f3e2ddf74dd8f7d","repoName":"deepalweb/travelbuddy","actor":"deepalweb","slotName":"production","commitMessage":"Implement global travel agent system - registration, backend API, and listing page with enhanced features"}</message>
  <progress></progress>
  <status>Success</status>
  <statusText></statusText>
  <lastSuccessEndTime>2025-11-29T11:51:27.9540846Z</lastSuccessEndTime>
  <receivedTime>2025-11-29T11:51:12.5533214Z</receivedTime>
  <startTime>2025-11-29T11:51:14.0675602Z</startTime>
  <endTime>2025-11-29T11:51:27.9540846Z</endTime>
  <complete>True</complete>
  <is_temp>False</is_temp>
  <is_readonly>True</is_readonly>
  <buildSummary />
</deployment>