﻿<?xml version="1.0" encoding="utf-8"?>
<deployment>
  <id>3ce38d5c-aaff-409b-8ec8-f80a27676c98</id>
  <author>N/A</author>
  <deployer>GITHUB_ZIP_DEPLOY</deployer>
  <authorEmail>N/A</authorEmail>
  <message>{"type":"deployment","sha":"5b8b71344e17865fd5da45ed822fe1e52b9543e7","repoName":"deepalweb/travelbuddy","actor":"deepalweb","slotName":"production","commitMessage":"Add Events Discovery Page with organizer registration and event creation"}</message>
  <progress></progress>
  <status>Success</status>
  <statusText></statusText>
  <lastSuccessEndTime>2025-11-29T16:48:28.5516031Z</lastSuccessEndTime>
  <receivedTime>2025-11-29T16:48:12.5417782Z</receivedTime>
  <startTime>2025-11-29T16:48:14.3257357Z</startTime>
  <endTime>2025-11-29T16:48:28.5516031Z</endTime>
  <complete>True</complete>
  <is_temp>False</is_temp>
  <is_readonly>True</is_readonly>
  <buildSummary />
</deployment>