﻿<?xml version="1.0" encoding="utf-8"?>
<deployment>
  <id>a90ca293-aaec-402b-885f-7bed509dfcae</id>
  <author>N/A</author>
  <deployer>OneDeploy</deployer>
  <authorEmail>N/A</authorEmail>
  <message>OneDeploy</message>
  <progress></progress>
  <status>Success</status>
  <statusText></statusText>
  <lastSuccessEndTime>2025-12-01T03:57:20.6471435Z</lastSuccessEndTime>
  <receivedTime>2025-12-01T03:57:17.6940535Z</receivedTime>
  <startTime>2025-12-01T03:57:18.9775487Z</startTime>
  <endTime>2025-12-01T03:57:20.6471435Z</endTime>
  <complete>True</complete>
  <is_temp>False</is_temp>
  <is_readonly>True</is_readonly>
  <buildSummary />
</deployment>