﻿<?xml version="1.0" encoding="utf-8"?>
<deployment>
  <id>b5a394a723253acbedb51bb383e3f2de4d340372</id>
  <author>deepalweb</author>
  <deployer>GitHub</deployer>
  <authorEmail>deepal.web@gmail.com</authorEmail>
  <message>Fix: Disable AI intro enhancement to prevent ERR_INSUFFICIENT_RESOURCES</message>
  <progress></progress>
  <status>Failed</status>
  <statusText></statusText>
  <lastSuccessEndTime />
  <receivedTime>2025-12-01T04:19:24.7864448Z</receivedTime>
  <startTime>2025-12-01T04:19:26.0857734Z</startTime>
  <endTime>2025-12-01T04:19:27.1595869Z</endTime>
  <complete>True</complete>
  <is_temp>False</is_temp>
  <is_readonly>False</is_readonly>
  <buildSummary />
</deployment>