﻿<?xml version="1.0" encoding="utf-8"?>
<deployment>
  <id>8ef741b4-520d-440c-a4a6-03f10ab4192f</id>
  <author>N/A</author>
  <deployer>GITHUB_ZIP_DEPLOY</deployer>
  <authorEmail>N/A</authorEmail>
  <message>{"type":"deployment","sha":"26e3135749f507db611933fafa22733ec2e1be48","repoName":"deepalweb/travelbuddy","actor":"deepalweb","slotName":"production","commitMessage":"Enable profile edit and picture upload - fix MongoDB ID handling in backend routes"}</message>
  <progress></progress>
  <status>Success</status>
  <statusText></statusText>
  <lastSuccessEndTime>2025-11-29T14:22:10.8017485Z</lastSuccessEndTime>
  <receivedTime>2025-11-29T14:21:55.0264465Z</receivedTime>
  <startTime>2025-11-29T14:21:56.8355245Z</startTime>
  <endTime>2025-11-29T14:22:10.8017485Z</endTime>
  <complete>True</complete>
  <is_temp>False</is_temp>
  <is_readonly>True</is_readonly>
  <buildSummary />
</deployment>